구간시작,구간끝,거래일,이벤트,앵커_시작,앵커_끝,앵커_최소,앵커_최대,드리프트_최대
2020-06-15,2020-06-16,2,regular,0.8500000000000001,0.8525788902988156,0.8500000000000001,0.8525788902988156,0.0025788902988155282
2020-06-17,2020-07-01,11,cap,0.6666666666666666,0.6757606403330564,0.6572513048356752,0.6757606403330564,0.009415361830991453
2020-07-02,2020-08-03,23,cap,0.6666666666666666,0.5520614527388237,0.550745936600928,0.6666666666666666,0.11592073006573866
2020-08-04,2020-09-01,20,cap,0.6666666666666666,0.6888256121950009,0.6666666666666666,0.7062991591131742,0.03963249244650757
2020-09-02,2020-10-05,21,cap,0.6666666666666666,0.6804445835520778,0.65259857922051,0.6922811069960534,0.025614440329386756
2020-10-06,2020-11-02,19,cap,0.6666666666666666,0.6494332284355654,0.6494332284355654,0.6791643972115282,0.01723343823110124
2020-11-03,2020-12-01,21,cap,0.6666666666666666,0.6785321710908429,0.6645593174126825,0.6786951775689236,0.012028510902256984
2020-12-02,2020-12-11,8,cap,0.6666666666666666,0.6575324829570883,0.6575324829570883,0.6832299945416409,0.016563327874974276
2020-12-14,2020-12-15,2,regular,0.85,0.8459881142193332,0.8459881142193332,0.85,0.004011885780666802
2020-12-16,2021-01-04,11,cap,0.6666666666666666,0.6568408873554575,0.6450279140180863,0.6666666666666666,0.021638752648580284
2021-01-05,2021-02-01,20,cap,0.6666666666666666,0.6330847120409275,0.6322606511904711,0.6864614684227396,0.034406015476195484
2021-02-02,2021-03-02,18,cap,0.6666666666666666,0.654649325165181,0.6251083021086794,0.6711421444789496,0.041558364557987226
2021-03-03,2021-04-01,22,cap,0.6666666666666666,0.628647574974647,0.6243880751604929,0.6773181348805632,0.042278591506173746
2021-04-02,2021-05-03,22,cap,0.6666666666666666,0.5978382688852171,0.5717900893076723,0.6666666666666666,0.09487657735899435
2021-05-04,2021-06-01,19,cap,0.6666666666666666,0.6697456370148233,0.6481178338309302,0.6745363035349679,0.018548832835736384
2021-06-02,2021-06-11,8,cap,0.6666666666666666,0.6666849929601079,0.6595206521934115,0.6666849929601079,0.007146014473255136
2021-06-14,2021-06-15,2,regular,0.85,0.8493154184825837,0.8493154184825837,0.85,0.0006845815174162384
2021-06-16,2021-07-01,12,cap,0.6666666666666666,0.6566114379031254,0.6566114379031254,0.6715495264191544,0.010055228763541257
2021-07-02,2021-08-02,22,cap,0.6666666666666666,0.6497842003039519,0.6353459290673089,0.6811193941094174,0.03132073759935772
2021-08-03,2021-09-01,21,cap,0.6666666666666666,0.6690242571449971,0.6507076142282149,0.6745631803863648,0.01595905243845175
2021-09-02,2021-10-01,19,cap,0.6666666666666666,0.6795284375072208,0.6666666666666666,0.6815307822750724,0.014864115608405726
2021-10-05,2021-11-01,19,cap,0.6666666666666666,0.6550348017418901,0.6455219745718797,0.6754158626529025,0.021144692094786977
2021-11-02,2021-12-01,22,cap,0.6666666666666666,0.6595818946579033,0.639043380418568,0.668060415348054,0.027623286248098622
2021-12-02,2021-12-10,7,cap,0.6666666666666666,0.6723907537026999,0.659073977537459,0.6744985955821154,0.007831928915448816
2021-12-13,2021-12-14,2,regular,0.85,0.8502822033457677,0.85,0.8502822033457677,0.00028220334576767314
2021-12-15,2022-01-03,13,cap,0.6666666666666666,0.663902616182934,0.663902616182934,0.6782782595523974,0.01161159288573077
2022-01-04,2022-02-03,20,cap,0.6666666666666666,0.657788144678788,0.650876211712267,0.6836539205067071,0.016987253840040517
2022-02-04,2022-03-02,18,cap,0.6666666666666666,0.6910702548005243,0.6614426457480135,0.7030642390599486,0.03639757239328201
2022-03-03,2022-04-01,21,cap,0.6666666666666666,0.6417934802916707,0.6417934802916707,0.6714031137768216,0.024873186374995915
2022-04-04,2022-05-02,21,cap,0.6666666666666666,0.6908665105386417,0.6600881138207024,0.6908665105386417,0.024199843871975046
2022-05-03,2022-06-02,21,cap,0.6666666666666666,0.6735992592637566,0.6666666666666666,0.6818526195194134,0.01518595285274682
2022-06-03,2022-06-10,5,cap,0.6666666666666666,0.6639326691477528,0.6635743569972917,0.6676394351726739,0.003092309669374904
2022-06-13,2022-06-14,2,regular,0.85,0.8530274109029212,0.85,0.8530274109029212,0.003027410902921246
2022-06-15,2022-07-01,13,cap,0.6666666666666666,0.6646956991468628,0.6621111325542055,0.6850114117062747,0.018344745039608035
2022-07-04,2022-08-01,21,cap,0.6666666666666666,0.6641683006616923,0.6442188357640497,0.6672260751826805,0.022447830902616928
2022-08-02,2022-09-01,22,cap,0.6666666666666666,0.6823515690440287,0.6611287696921898,0.683764559323053,0.017097892656386393
2022-09-02,2022-10-04,20,cap,0.6666666666666666,0.6504629090779721,0.6315865502460565,0.6689243460278866,0.03508011642061015
2022-10-05,2022-11-01,19,cap,0.6666666666666666,0.6682359103224018,0.6563762974951668,0.6797725479106311,0.013105881243964501
2022-11-02,2022-12-01,22,cap,0.6666666666666666,0.6417452243132511,0.632285087483523,0.6718764394990194,0.03438157918314366
2022-12-02,2022-12-09,6,cap,0.6666666666666666,0.6703783203649049,0.6644101041252903,0.67317677941102,0.006510112744353425
2022-12-12,2022-12-13,2,regular,0.8500000000000001,0.849780224029991,0.849780224029991,0.8500000000000001,0.0002197759700091062
2022-12-14,2023-01-02,13,cap,0.6666666666666666,0.6803242821635649,0.6626734611950609,0.6803242821635649,0.013657615496898257
2023-01-03,2023-02-01,20,cap,0.6666666666666666,0.6579392067643883,0.652590051967779,0.6729972651212108,0.014076614698887657
2023-02-02,2023-03-02,20,cap,0.6666666666666666,0.6364320793241902,0.6330699383186629,0.6666666666666666,0.03359672834800376
2023-03-03,2023-04-03,22,cap,0.6666666666666666,0.6056488528341573,0.6004543364669249,0.6745745806840117,0.06621233019974171
2023-04-04,2023-05-02,20,cap,0.6666666666666666,0.6524332705401663,0.6438888652043158,0.6678295825183875,0.022777801462350866
2023-05-03,2023-06-01,20,cap,0.6666666666666666,0.670613817935533,0.6507209419291202,0.7014993343488416,0.03483266768217497
2023-06-02,2023-06-09,5,cap,0.6666666666666666,0.6637895541521743,0.6637895541521743,0.6690755541304417,0.002877112514492297
2023-06-12,2023-06-13,2,regular,0.8500000000000001,0.8521482615041769,0.8500000000000001,0.8521482615041769,0.002148261504176796
2023-06-14,2023-07-03,14,cap,0.6666666666666666,0.6287348194167962,0.6268922348298744,0.6666666666666666,0.03977443183679219
2023-07-04,2023-08-01,21,cap,0.6666666666666666,0.5455466163965228,0.5455466163965228,0.6769757261565443,0.12112005027014383
2023-08-02,2023-09-01,22,cap,0.6666666666666666,0.6297025467215456,0.6138353733589408,0.676052701471159,0.052831293307725846
2023-09-04,2023-10-04,19,cap,0.6666666666666666,0.6729426925791011,0.6637866354283393,0.7002814482092472,0.033614781542580574
2023-10-05,2023-11-01,19,cap,0.6666666666666666,0.6715626272728501,0.646188312635777,0.6798624157285539,0.0204783540308896
2023-11-02,2023-12-01,22,cap,0.6666666666666666,0.6594122421392548,0.6399497163244733,0.671878247210547,0.026716950342193346
2023-12-04,2023-12-15,10,cap,0.6666666666666666,0.6806113559178252,0.6617260621807552,0.6806113559178252,0.013944689251158549
2023-12-18,2023-12-19,2,regular,0.8500000000000001,0.8488904515265056,0.8488904515265056,0.8500000000000001,0.0011095484734945371
2023-12-20,2024-01-02,7,cap,0.6666666666666666,0.667324453674871,0.6609131262132388,0.6738016593811406,0.007134992714473931
2024-01-03,2024-02-01,22,cap,0.6666666666666666,0.6662586320646731,0.6602427439485616,0.6830185294535345,0.016351862786867843
2024-02-02,2024-03-04,19,cap,0.6666666666666666,0.5813537208278188,0.5813537208278188,0.6666666666666666,0.08531294583884785
2024-03-05,2024-04-01,20,cap,0.6666666666666666,0.5978410451606808,0.5978410451606808,0.6798686207819267,0.06882562150598581
2024-04-02,2024-05-02,21,cap,0.6666666666666666,0.6692356590127565,0.6584989124730234,0.6835148441918057,0.01684817752513912
2024-05-03,2024-06-03,20,cap,0.6666666666666666,0.6501137601498005,0.6202788410847713,0.6666666666666666,0.04638782558189536
2024-06-04,2024-06-14,8,cap,0.6666666666666666,0.6450838273550901,0.6328497084861201,0.6666666666666666,0.03381695818054653
2024-06-17,2024-06-18,2,regular,0.67,0.6773242084849935,0.67,0.6773242084849935,0.0073242084849934885
2024-06-19,2024-07-01,9,cap,0.541982004926979,0.5611273102998355,0.541982004926979,0.5664366248853305,0.02445461995835152
2024-07-02,2024-08-01,23,cap,0.5289925316514863,0.5719131999302214,0.5289925316514863,0.5719131999302214,0.042920668278735086
2024-08-02,2024-11-01,59,cap,0.5200707344175122,0.5348922868402808,0.48679216360489375,0.5457952983142014,0.033278570812618424
2024-11-04,2024-12-13,30,cap,0.4832251750187964,0.5119345031797149,0.4806297953658368,0.5385830888571898,0.055357913838393336
2024-12-16,2024-12-17,2,regular,0.67,0.6624268374897453,0.6624268374897453,0.67,0.0075731625102547495
2024-12-18,2025-06-13,115,cap,0.5475339949186874,0.5085797841766783,0.445604144187424,0.5539895786483917,0.10192985073126337
2025-06-16,2025-06-17,2,regular,0.6400000000000001,0.6429048833875441,0.6400000000000001,0.6429048833875441,0.0029048833875440216
2025-06-18,2025-07-01,10,cap,0.5352895930572392,0.5509453878294688,0.5282790190789473,0.5509453878294688,0.01565579477222956
2025-07-02,2025-12-01,103,cap,0.5016996614677278,0.5676752019143445,0.48668070790992035,0.5744327650079364,0.07273310354020857
2025-12-02,2025-12-12,9,cap,0.534743343318023,0.5527160425077504,0.5325461161791633,0.5527160425077504,0.017972699189727437
2025-12-15,2025-12-16,2,regular,0.6400000000000001,0.6396453533627751,0.6396453533627751,0.6400000000000001,0.0003546466372250645
2025-12-17,2026-03-03,48,cap,0.5,0.49112754590845276,0.48110841868726223,0.5548674900077897,0.05486749000778968
2026-03-04,2026-05-04,43,cap,0.5694200625533381,0.5970605582519957,0.5205945171919141,0.6177707332362163,0.04882554536142403
2026-05-06,2026-06-01,18,cap,0.5472627147521347,0.6884791568449127,0.5472627147521347,0.6884791568449127,0.14121644209277795
2026-06-02,2026-06-12,8,cap,0.5,0.41344234149361847,0.41344234149361847,0.5,0.08655765850638153
2026-06-15,2026-07-23,28,regular,0.3999999999999999,0.4517782267611535,0.3999999999999999,0.49952216007792716,0.09952216007792725
