날짜,level,turnover,reason
2020-06-15,1000.0,0.0,regular
2020-06-16,1040.2530781971361,0.0,
2020-06-17,1045.4672738696208,0.29716245109790884,cap
2020-06-18,1047.309402109511,0.0,
2020-06-19,1057.9575901343007,0.0,
2020-06-22,1046.8062259220214,0.0,
2020-06-23,1033.3177112318197,0.0,
2020-06-24,1053.1996301315573,0.0,
2020-06-25,1030.7397582552749,0.0,
2020-06-26,1039.9468760944114,0.0,
2020-06-29,1017.8294977760263,0.0,
2020-06-30,1028.76183630814,0.0,
2020-07-01,1026.4378816252397,0.0,
2020-07-02,1021.6918203780322,0.012330896924795026,cap
2020-07-03,1054.29503804446,0.0,
2020-07-06,1075.4463206805854,0.0,
2020-07-07,1052.4372820258234,0.0,
2020-07-08,1066.246023321198,0.0,
2020-07-09,1069.0747057172614,0.0,
2020-07-10,1075.0274579116533,0.0,
2020-07-13,1091.9090672509938,0.0,
2020-07-14,1108.4251132267818,0.0,
2020-07-15,1109.9954910561264,0.0,
2020-07-16,1092.3482390956788,0.0,
2020-07-17,1138.663038676297,0.0,
2020-07-20,1125.2964250065854,0.0,
2020-07-21,1211.3041212990925,0.0,
2020-07-22,1217.691468645042,0.0,
2020-07-23,1226.7959414920742,0.0,
2020-07-24,1237.3126102122346,0.0,
2020-07-27,1256.5757208899804,0.0,
2020-07-28,1279.4135149435585,0.0,
2020-07-29,1287.0194068346825,0.0,
2020-07-30,1293.1795404364104,0.0,
2020-07-31,1255.187552655771,0.0,
2020-08-03,1260.2660611150532,0.0,
2020-08-04,1260.3643646695193,0.11273460591864357,cap
2020-08-05,1244.1534127464936,0.0,
2020-08-06,1247.3624109585276,0.0,
2020-08-07,1242.8510509322077,0.0,
2020-08-10,1250.8983723703918,0.0,
2020-08-11,1267.14746168039,0.0,
2020-08-12,1254.17951879792,0.0,
2020-08-13,1240.061996599935,0.0,
2020-08-14,1218.5241901761017,0.0,
2020-08-18,1191.6271823577981,0.0,
2020-08-19,1183.3697725042928,0.0,
2020-08-20,1118.5233823852884,0.0,
2020-08-21,1138.5108940450775,0.0,
2020-08-24,1145.8173917495149,0.0,
2020-08-25,1166.1131706370563,0.0,
2020-08-26,1168.4649761670316,0.0,
2020-08-27,1153.7706010320635,0.0,
2020-08-28,1151.4893396843784,0.0,
2020-08-31,1131.8186412217785,0.0,
2020-09-01,1138.9865730868823,0.0,
2020-09-02,1143.7264246480659,0.0219368867712936,cap
2020-09-03,1188.7068072362017,0.0,
2020-09-04,1175.6975451245091,0.0,
2020-09-07,1180.4899905296984,0.0,
2020-09-08,1230.5684761631924,0.0,
2020-09-09,1225.2647118563343,0.0,
2020-09-10,1227.3365185858295,0.0,
2020-09-11,1222.069279632499,0.0,
2020-09-14,1245.51203195985,0.0,
2020-09-15,1250.0576315820433,0.0,
2020-09-16,1238.7843556289442,0.0,
2020-09-17,1220.7027195329151,0.0,
2020-09-18,1226.875441195613,0.0,
2020-09-21,1220.9608302287927,0.0,
2020-09-22,1192.2420252802729,0.0,
2020-09-23,1214.062035365248,0.0,
2020-09-24,1200.8860885906263,0.0,
2020-09-25,1190.8161306315585,0.0,
2020-09-28,1207.5549530643586,0.0,
2020-09-29,1218.8306802625007,0.0,
2020-10-05,1221.9964722475615,0.0,
2020-10-06,1221.2383075628968,0.015094952525397637,cap
2020-10-07,1231.3482959831335,0.0,
2020-10-08,1225.5776064298755,0.0,
2020-10-12,1266.4209304397266,0.0,
2020-10-13,1294.7439402857694,0.0,
2020-10-14,1278.6522746917583,0.0,
2020-10-15,1267.6314372756342,0.0,
2020-10-16,1266.9842238430936,0.0,
2020-10-19,1281.177396701652,0.0,
2020-10-20,1266.460911208342,0.0,
2020-10-21,1259.5945110854984,0.0,
2020-10-22,1241.9301366428735,0.0,
2020-10-23,1224.2396361534304,0.0,
2020-10-26,1214.4324723667678,0.0,
2020-10-27,1209.2884120879512,0.0,
2020-10-28,1214.9324298990607,0.0,
2020-10-29,1222.2219928105194,0.0,
2020-10-30,1203.0442868984126,0.0,
2020-11-02,1210.9695836157798,0.0,
2020-11-03,1233.334271390507,0.014019897933037623,cap
2020-11-04,1247.7686108790267,0.0,
2020-11-05,1278.7205956247449,0.0,
2020-11-06,1287.6335226612532,0.0,
2020-11-09,1283.0970737080602,0.0,
2020-11-10,1285.6223281539867,0.0,
2020-11-11,1284.6770464477206,0.0,
2020-11-12,1284.4146335907624,0.0,
2020-11-13,1326.4794946243392,0.0,
2020-11-16,1425.4173812079114,0.0,
2020-11-17,1427.3081156291482,0.0,
2020-11-18,1405.6286814522462,0.0,
2020-11-19,1425.7030046099355,0.0,
2020-11-20,1410.0302978151135,0.0,
2020-11-23,1453.209591483013,0.0,
2020-11-24,1447.5372172105983,0.0,
2020-11-25,1416.033550611244,0.0,
2020-11-26,1442.5137354671692,0.0,
2020-11-27,1439.0215356213737,0.0,
2020-11-30,1412.6671743062993,0.0,
2020-12-01,1446.6709570720277,0.0,
2020-12-02,1510.7873205846233,0.031049834112731656,cap
2020-12-03,1511.9375665150671,0.0,
2020-12-04,1539.1759558533827,0.0,
2020-12-07,1571.0803068268203,0.0,
2020-12-08,1582.0977454380547,0.0,
2020-12-09,1633.3241294583866,0.0,
2020-12-10,1607.597568260391,0.0,
2020-12-11,1620.4246124302808,0.0,
2020-12-14,1618.4039101200415,0.3051264737721489,regular
2020-12-15,1627.8320154942535,0.0,
2020-12-16,1657.8460516455705,0.2870930173877187,cap
2020-12-17,1693.0505939990508,0.0,
2020-12-18,1670.461023677666,0.0,
2020-12-21,1684.7700120800666,0.0,
2020-12-22,1659.5919520392836,0.0,
2020-12-23,1686.2958713084563,0.0,
2020-12-24,1724.9053402734362,0.0,
2020-12-28,1705.984505479791,0.0,
2020-12-29,1753.9988104051613,0.0,
2020-12-30,1792.9253550821402,0.0,
2021-01-04,1848.388053453706,0.0,
2021-01-05,1864.126768345876,0.0040876067372006275,cap
2021-01-06,1843.5029547212057,0.0,
2021-01-07,1861.881130106947,0.0,
2021-01-08,1922.2426329850823,0.0,
2021-01-11,1904.314542740171,0.0,
2021-01-12,1889.2488335632945,0.0,
2021-01-13,1924.193215937885,0.0,
2021-01-14,1900.1396669852568,0.0,
2021-01-15,1913.1855017839089,0.0,
2021-01-18,1942.7915909449528,0.0,
2021-01-19,1968.6630609209305,0.0,
2021-01-20,1970.144289978019,0.0,
2021-01-21,1991.9854355289172,0.0,
2021-01-22,1973.2800083608174,0.0,
2021-01-25,2025.2214141102027,0.0,
2021-01-26,1987.069945245459,0.0,
2021-01-27,1940.0930299616361,0.0,
2021-01-28,1892.8903666696426,0.0,
2021-01-29,1846.676822226694,0.0,
2021-02-01,1911.114550541647,0.0,
2021-02-02,1945.290647789873,0.027135754631205183,cap
2021-02-03,1943.6171617086875,0.0,
2021-02-04,1886.4933579759077,0.0,
2021-02-05,1903.435941710429,0.0,
2021-02-08,1880.7046174859884,0.0,
2021-02-09,1880.893733115862,0.0,
2021-02-10,1876.541616061791,0.0,
2021-02-15,1964.9651097816811,0.0,
2021-02-16,1974.4420731621356,0.0,
2021-02-17,1974.5918677204513,0.0,
2021-02-18,1952.609165206594,0.0,
2021-02-19,2076.432389812499,0.0,
2021-02-22,2086.001921548913,0.0,
2021-02-23,2049.500498497284,0.0,
2021-02-24,1998.5100797655489,0.0,
2021-02-25,2111.892857710832,0.0,
2021-02-26,2050.6504057863563,0.0,
2021-03-02,2082.0904111448885,0.0,
2021-03-03,2107.2635036968777,0.027079708282490983,cap
2021-03-04,2068.4449932314014,0.0,
2021-03-05,2044.0021301058935,0.0,
2021-03-08,2001.549844156928,0.0,
2021-03-09,1976.5559943650603,0.0,
2021-03-10,1937.0844041928485,0.0,
2021-03-11,2019.5476894191058,0.0,
2021-03-12,2063.780288541228,0.0,
2021-03-15,2069.6374820432175,0.0,
2021-03-16,2086.2828576468046,0.0,
2021-03-17,2088.9956907557676,0.0,
2021-03-18,2136.060582369148,0.0,
2021-03-19,2133.3398554684036,0.0,
2021-03-22,2154.2894526041355,0.0,
2021-03-23,2104.2438652140013,0.0,
2021-03-24,2082.6506609216713,0.0,
2021-03-25,2066.4620727358492,0.0,
2021-03-26,2072.3387375909006,0.0,
2021-03-29,2061.9341937698914,0.0,
2021-03-30,2086.6333420019105,0.0,
2021-03-31,2068.839682820485,0.0,
2021-04-01,2170.6669655399323,0.0,
2021-04-02,2202.8688997340237,0.03891173779982826,cap
2021-04-05,2304.3778336112136,0.0,
2021-04-06,2340.053226169799,0.0,
2021-04-07,2344.7352683247714,0.0,
2021-04-08,2364.4841024826414,0.0,
2021-04-09,2363.222702353272,0.0,
2021-04-12,2350.89610868399,0.0,
2021-04-13,2333.602521710745,0.0,
2021-04-14,2320.583201972364,0.0,
2021-04-15,2308.812999986241,0.0,
2021-04-16,2315.393897642679,0.0,
2021-04-19,2333.5840981450765,0.0,
2021-04-20,2359.3942854075603,0.0,
2021-04-21,2321.0474758271844,0.0,
2021-04-22,2348.243115227866,0.0,
2021-04-23,2397.593706462596,0.0,
2021-04-26,2462.1781300289426,0.0,
2021-04-27,2477.9806364208303,0.0,
2021-04-28,2357.7312515466388,0.0,
2021-04-29,2315.4749613316153,0.0,
2021-04-30,2326.8803767175214,0.0,
2021-05-03,2328.828361727434,0.0,
2021-05-04,2330.912681123286,0.06490249081817062,cap
2021-05-06,2288.398820579566,0.0,
2021-05-07,2291.058295383732,0.0,
2021-05-10,2294.6331419176827,0.0,
2021-05-11,2209.104808302617,0.0,
2021-05-12,2191.1314911952973,0.0,
2021-05-13,2125.821190289558,0.0,
2021-05-14,2212.858125946739,0.0,
2021-05-17,2198.78979501936,0.0,
2021-05-18,2254.1810374981865,0.0,
2021-05-20,2263.229267521261,0.0,
2021-05-21,2268.8731238920195,0.0,
2021-05-24,2208.023749865188,0.0,
2021-05-25,2223.548587989771,0.0,
2021-05-26,2212.1710228085203,0.0,
2021-05-27,2269.0721010987586,0.0,
2021-05-28,2261.5549787715017,0.0,
2021-05-31,2260.854623249299,0.0,
2021-06-01,2261.3472162765024,0.0,
2021-06-02,2267.067672703009,0.006190900033760022,cap
2021-06-03,2347.274831674827,0.0,
2021-06-04,2316.909821478124,0.0,
2021-06-07,2319.8289630208833,0.0,
2021-06-08,2300.091625418226,0.0,
2021-06-09,2246.592114839654,0.0,
2021-06-10,2261.2504430655104,0.0,
2021-06-11,2287.80315967461,0.0,
2021-06-14,2269.114445732944,0.29944465725857067,regular
2021-06-15,2286.2265436115795,0.0,
2021-06-16,2308.7315117580947,0.29709462199727743,cap
2021-06-17,2283.5814428359317,0.0,
2021-06-18,2269.0780717028374,0.0,
2021-06-21,2225.672466787907,0.0,
2021-06-22,2230.0488825436196,0.0,
2021-06-23,2230.277802286682,0.0,
2021-06-24,2261.673634235011,0.0,
2021-06-25,2280.2935499179744,0.0,
2021-06-28,2269.404462067078,0.0,
2021-06-29,2261.8657754672868,0.0,
2021-06-30,2292.223333407413,0.0,
2021-07-01,2274.476491137907,0.0,
2021-07-02,2301.732470344346,0.02340289326797354,cap
2021-07-05,2291.5790914119125,0.0,
2021-07-06,2312.848043724956,0.0,
2021-07-07,2302.8272231288915,0.0,
2021-07-08,2258.1276294379877,0.0,
2021-07-09,2242.9460693102865,0.0,
2021-07-12,2240.3942394416413,0.0,
2021-07-13,2262.2830985216965,0.0,
2021-07-14,2255.0470130096614,0.0,
2021-07-15,2279.5076020875244,0.0,
2021-07-16,2252.8882721121277,0.0,
2021-07-19,2285.2017142168384,0.0,
2021-07-20,2302.401540530591,0.0,
2021-07-21,2283.9311360112556,0.0,
2021-07-22,2351.7607126128096,0.0,
2021-07-23,2365.202935936877,0.0,
2021-07-26,2308.209812248599,0.0,
2021-07-27,2294.789126924407,0.0,
2021-07-28,2292.186304680898,0.0,
2021-07-29,2261.3761549122373,0.0,
2021-07-30,2241.835674860431,0.0,
2021-08-02,2288.550586570103,0.0,
2021-08-03,2334.8136916436038,0.011429227898514666,cap
2021-08-04,2349.414722829648,0.0,
2021-08-05,2336.317966913131,0.0,
2021-08-06,2309.3085769678114,0.0,
2021-08-09,2309.8274244548434,0.0,
2021-08-10,2252.906859324999,0.0,
2021-08-11,2169.4622879861677,0.0,
2021-08-12,2133.069662344783,0.0,
2021-08-13,2079.4148405807964,0.0,
2021-08-17,2058.824116721977,0.0,
2021-08-18,2080.471338995729,0.0,
2021-08-19,2021.586292348646,0.0,
2021-08-20,2026.0634234898157,0.0,
2021-08-23,2057.872152690181,0.0,
2021-08-24,2117.7384839887204,0.0,
2021-08-25,2118.305455536282,0.0,
2021-08-26,2111.031073539044,0.0,
2021-08-27,2097.656090438142,0.0,
2021-08-30,2097.4113270044563,0.0,
2021-08-31,2141.0971380839474,0.0,
2021-09-01,2144.517770810184,0.0,
2021-09-02,2122.9897432293988,0.00893937244499557,cap
2021-09-03,2132.939602255302,0.0,
2021-09-06,2117.2026091902194,0.0,
2021-09-07,2084.614397252822,0.0,
2021-09-08,2092.2810319670666,0.0,
2021-09-09,2053.669366231237,0.0,
2021-09-10,2070.080860633123,0.0,
2021-09-13,2083.1152196723547,0.0,
2021-09-14,2094.6347150535194,0.0,
2021-09-15,2101.481302202737,0.0,
2021-09-16,2062.559772147102,0.0,
2021-09-17,2106.2652987219503,0.0,
2021-09-23,2097.1198011834745,0.0,
2021-09-24,2085.1808960881176,0.0,
2021-09-27,2104.715977122926,0.0,
2021-09-28,2068.3844499129964,0.0,
2021-09-29,1997.5852100906043,0.0,
2021-09-30,2021.6821110700928,0.0,
2021-10-01,1980.8795374465133,0.0,
2021-10-05,1926.3938183282098,0.020004294726447908,cap
2021-10-06,1875.9930513856796,0.0,
2021-10-07,1933.1985803394728,0.0,
2021-10-08,1903.44484587629,0.0,
2021-10-12,1836.027556442672,0.0,
2021-10-13,1837.5283258730453,0.0,
2021-10-14,1879.0275953952912,0.0,
2021-10-15,1964.1382948063792,0.0,
2021-10-18,1950.9652901914972,0.0,
2021-10-19,1947.387007029536,0.0,
2021-10-20,1938.2808219258793,0.0,
2021-10-21,1923.5755902396877,0.0,
2021-10-22,1948.6412465429194,0.0,
2021-10-25,1958.9153145788307,0.0,
2021-10-26,2002.180284382801,0.0,
2021-10-27,1987.7927272544384,0.0,
2021-10-28,2048.066720087995,0.0,
2021-10-29,2008.248645637167,0.0,
2021-11-01,2015.487865800574,0.0,
2021-11-02,2041.8125889647972,0.021891613973855972,cap
2021-11-03,2004.7016982017585,0.0,
2021-11-04,2018.3727198895322,0.0,
2021-11-05,2040.2500196213525,0.0,
2021-11-08,2047.2231964579537,0.0,
2021-11-09,2056.8433093180693,0.0,
2021-11-10,2031.4683526332874,0.0,
2021-11-11,2014.7550401531344,0.0,
2021-11-12,2038.7415864284785,0.0,
2021-11-15,2123.231331066172,0.0,
2021-11-16,2132.9114553180057,0.0,
2021-11-17,2116.6280845918045,0.0,
2021-11-18,2122.6806670953147,0.0,
2021-11-19,2153.5236547611325,0.0,
2021-11-22,2299.604776353657,0.0,
2021-11-23,2272.2914447220496,0.0,
2021-11-24,2236.2910444791814,0.0,
2021-11-25,2189.503316801618,0.0,
2021-11-26,2147.3863358927433,0.0,
2021-11-29,2136.574283484886,0.0,
2021-11-30,2101.490490804331,0.0,
2021-12-01,2191.985781044684,0.0,
2021-12-02,2266.1788508268214,0.01494026509173027,cap
2021-12-03,2256.7697713983516,0.0,
2021-12-06,2285.519293908457,0.0,
2021-12-07,2315.3662844899272,0.0,
2021-12-08,2277.9846812999185,0.0,
2021-12-09,2307.989460646288,0.0,
2021-12-10,2267.871069916855,0.0,
2021-12-13,2299.0390721335166,0.2975545442249049,regular
2021-12-14,2300.272437415217,0.0,
2021-12-15,2318.268628786489,0.29840816506569545,cap
2021-12-16,2314.9664251483596,0.0,
2021-12-17,2283.3877667536613,0.0,
2021-12-20,2259.77567820622,0.0,
2021-12-21,2311.607239992487,0.0,
2021-12-22,2338.0901336429065,0.0,
2021-12-23,2353.5674102100165,0.0,
2021-12-24,2362.6708970065574,0.0,
2021-12-27,2357.6971805873495,0.0,
2021-12-28,2373.342710272982,0.0,
2021-12-29,2358.435248883318,0.0,
2021-12-30,2396.3823141791627,0.0,
2022-01-03,2390.0437437542446,0.0,
2022-01-04,2372.089138853498,0.005626056062107476,cap
2022-01-05,2314.034807272147,0.0,
2022-01-06,2284.707935229216,0.0,
2022-01-07,2332.306997277703,0.0,
2022-01-10,2297.989647503632,0.0,
2022-01-11,2311.586997189927,0.0,
2022-01-12,2332.7063729785336,0.0,
2022-01-13,2342.610070712511,0.0,
2022-01-14,2355.9007088441467,0.0,
2022-01-17,2350.8028584554972,0.0,
2022-01-18,2328.905348368707,0.0,
2022-01-19,2303.722361949629,0.0,
2022-01-20,2325.2653197761347,0.0,
2022-01-21,2259.137962262097,0.0,
2022-01-24,2258.3598279639136,0.0,
2022-01-25,2237.970871705885,0.0,
2022-01-26,2225.738679669496,0.0,
2022-01-27,2173.6022648884646,0.0,
2022-01-28,2261.1799160828364,0.0,
2022-02-03,2279.5323810817745,0.0,
2022-02-04,2309.8073092973627,0.013123452562810556,cap
2022-02-07,2298.2955170779173,0.0,
2022-02-08,2282.1687777787884,0.0,
2022-02-09,2298.7961757979087,0.0,
2022-02-10,2328.7452676477064,0.0,
2022-02-11,2312.454047256623,0.0,
2022-02-14,2260.173044993771,0.0,
2022-02-15,2207.779388700014,0.0,
2022-02-16,2271.50320974328,0.0,
2022-02-17,2288.023539881788,0.0,
2022-02-18,2275.548568998466,0.0,
2022-02-21,2264.210645706884,0.0,
2022-02-22,2238.441601402665,0.0,
2022-02-23,2256.74475584057,0.0,
2022-02-24,2179.525372038763,0.0,
2022-02-25,2189.8427034551264,0.0,
2022-02-28,2196.036857439308,0.0,
2022-03-02,2198.0879721236,0.0,
2022-03-03,2249.60619886433,0.02512354660332733,cap
2022-03-04,2203.5253549046197,0.0,
2022-03-07,2143.494320852893,0.0,
2022-03-08,2110.933202446633,0.0,
2022-03-10,2161.0287971686407,0.0,
2022-03-11,2122.4114934797058,0.0,
2022-03-14,2098.777110762295,0.0,
2022-03-15,2054.665866220933,0.0,
2022-03-16,2093.801481837796,0.0,
2022-03-17,2164.4018409834644,0.0,
2022-03-18,2176.928663800047,0.0,
2022-03-21,2157.073779812665,0.0,
2022-03-22,2171.0120619770278,0.0,
2022-03-23,2173.069315016684,0.0,
2022-03-24,2153.951982702166,0.0,
2022-03-25,2162.611459399358,0.0,
2022-03-28,2163.791577306495,0.0,
2022-03-29,2196.0217927231506,0.0,
2022-03-30,2188.8094991566995,0.0,
2022-03-31,2174.9110451349766,0.0,
2022-04-01,2158.142040707079,0.0,
2022-04-04,2166.012229661114,0.023571645711436023,cap
2022-04-05,2161.8848892301544,0.0,
2022-04-06,2106.176211941442,0.0,
2022-04-07,2110.2410411969427,0.0,
2022-04-08,2098.9008728283834,0.0,
2022-04-11,2076.228550344529,0.0,
2022-04-12,2039.0119610371687,0.0,
2022-04-13,2089.6940986787013,0.0,
2022-04-14,2093.7477079796317,0.0,
2022-04-15,2059.651868893273,0.0,
2022-04-18,2062.7389592505656,0.0,
2022-04-19,2098.8399645035774,0.0,
2022-04-20,2093.693211057437,0.0,
2022-04-21,2101.96712612719,0.0,
2022-04-22,2062.7437678025244,0.0,
2022-04-25,2013.2060655270914,0.0,
2022-04-26,2023.4466783478297,0.0,
2022-04-27,1986.2445146963444,0.0,
2022-04-28,1975.8917023299098,0.0,
2022-04-29,2027.6814097725266,0.0,
2022-05-02,2001.920394080727,0.0,
2022-05-03,2002.9814812128807,0.023333709442555473,cap
2022-05-04,1999.4668850659407,0.0,
2022-05-06,1953.5165595813007,0.0,
2022-05-09,1925.1605000244558,0.0,
2022-05-10,1951.9050837517566,0.0,
2022-05-11,1961.5943277034607,0.0,
2022-05-12,1922.3954414140271,0.0,
2022-05-13,1966.119634440437,0.0,
2022-05-16,1960.8746641221708,0.0,
2022-05-17,1994.7451570733813,0.0,
2022-05-18,2030.1599841397756,0.0,
2022-05-19,1997.9604161890004,0.0,
2022-05-20,2009.792369578978,0.0,
2022-05-23,2022.9287692237094,0.0,
2022-05-24,1964.0224827838767,0.0,
2022-05-25,1957.7803945251994,0.0,
2022-05-26,1913.6139922766206,0.0,
2022-05-27,1937.7576747774358,0.0,
2022-05-30,1960.133117868681,0.0,
2022-05-31,1961.0172375734658,0.0,
2022-06-02,1943.587427769166,0.0,
2022-06-03,1968.9761073538436,0.0034910519793150685,cap
2022-06-07,1931.1721132081132,0.0,
2022-06-08,1934.8452819185268,0.0,
2022-06-09,1939.6352168443577,0.0,
2022-06-10,1900.3530324623296,0.0,
2022-06-13,1818.4802271670148,0.2944439644197357,regular
2022-06-14,1808.1750289880677,0.0,
2022-06-15,1784.19664108498,0.29426613870511237,cap
2022-06-16,1778.6804724753422,0.0,
2022-06-17,1764.0470433280038,0.0,
2022-06-20,1699.56320772121,0.0,
2022-06-21,1715.1709555213483,0.0,
2022-06-22,1641.5260143466226,0.0,
2022-06-23,1627.4166455278332,0.0,
2022-06-24,1661.2534435772689,0.0,
2022-06-27,1727.9910952274672,0.0,
2022-06-28,1746.7880508355443,0.0,
2022-06-29,1720.7353346190434,0.0,
2022-06-30,1668.3021044764205,0.0,
2022-07-01,1628.1059061329656,0.0,
2022-07-04,1644.4246932807891,0.006882788901036524,cap
2022-07-05,1690.9118361683966,0.0,
2022-07-06,1660.6354892319935,0.0,
2022-07-07,1706.8869750966144,0.0,
2022-07-08,1721.6982221590654,0.0,
2022-07-11,1758.3999477142931,0.0,
2022-07-12,1729.083568491422,0.0,
2022-07-13,1757.0404255147848,0.0,
2022-07-14,1754.4778994549886,0.0,
2022-07-15,1787.25559344649,0.0,
2022-07-18,1826.356475307018,0.0,
2022-07-19,1803.8928790047003,0.0,
2022-07-20,1816.831596453101,0.0,
2022-07-21,1854.7602926293705,0.0,
2022-07-22,1848.0043750003995,0.0,
2022-07-25,1830.4232520182798,0.0,
2022-07-26,1830.3097990897134,0.0,
2022-07-27,1830.431088489411,0.0,
2022-07-28,1818.7506171854432,0.0,
2022-07-29,1795.7735561212219,0.0,
2022-08-01,1785.4173780772396,0.0,
2022-08-02,1776.6168099138688,0.0008753160611675859,cap
2022-08-03,1787.8872093469872,0.0,
2022-08-04,1787.5636354882984,0.0,
2022-08-05,1807.1596993753215,0.0,
2022-08-08,1775.7239216305384,0.0,
2022-08-09,1740.492362752507,0.0,
2022-08-10,1686.9272073735594,0.0,
2022-08-11,1710.5406016836973,0.0,
2022-08-12,1724.6360606739975,0.0,
2022-08-16,1762.1526647241453,0.0,
2022-08-17,1754.3621093381491,0.0,
2022-08-18,1756.3284859687337,0.0,
2022-08-19,1743.6493751433056,0.0,
2022-08-22,1711.9444077588498,0.0,
2022-08-23,1686.757514293636,0.0,
2022-08-24,1678.8565553638891,0.0,
2022-08-25,1697.8280277039012,0.0,
2022-08-26,1709.0875201530189,0.0,
2022-08-29,1652.7758807119912,0.0,
2022-08-30,1670.2073170512956,0.0,
2022-08-31,1697.8489487685495,0.0,
2022-09-01,1652.4857700076705,0.0,
2022-09-02,1648.5244589092902,0.00947867572969674,cap
2022-09-05,1631.8708891621548,0.0,
2022-09-06,1649.918754600638,0.0,
2022-09-07,1635.6347028389926,0.0,
2022-09-08,1634.1208952126162,0.0,
2022-09-13,1705.159077521708,0.0,
2022-09-14,1663.4781330696599,0.0,
2022-09-15,1663.6934936378848,0.0,
2022-09-16,1660.8108620867695,0.0,
2022-09-19,1678.619826262978,0.0,
2022-09-20,1663.209775287877,0.0,
2022-09-21,1642.2694390238119,0.0,
2022-09-22,1623.9923889897382,0.0,
2022-09-23,1616.8934903960621,0.0,
2022-09-26,1563.607596816175,0.0,
2022-09-27,1561.1695104288744,0.0,
2022-09-28,1523.1721635126105,0.0,
2022-09-29,1506.363893397153,0.0,
2022-09-30,1504.1451523309768,0.0,
2022-10-04,1605.1299174508924,0.0,
2022-10-05,1622.8037985038204,0.005283173157712845,cap
2022-10-06,1653.5780529095307,0.0,
2022-10-07,1649.0788277836514,0.0,
2022-10-11,1621.6904133420203,0.0,
2022-10-12,1648.4445601738603,0.0,
2022-10-13,1625.341881341405,0.0,
2022-10-14,1671.401327084111,0.0,
2022-10-17,1679.3105631863339,0.0,
2022-10-18,1675.1403675467789,0.0,
2022-10-19,1630.4542402600691,0.0,
2022-10-20,1590.8366856603823,0.0,
2022-10-21,1596.5076354069834,0.0,
2022-10-24,1651.61349377657,0.0,
2022-10-25,1679.6956542351356,0.0,
2022-10-26,1687.16221912845,0.0,
2022-10-27,1664.6354684468647,0.0,
2022-10-28,1583.1720703262613,0.0,
2022-10-31,1608.3318161972554,0.0,
2022-11-01,1623.62890321568,0.0,
2022-11-02,1614.2880091985392,0.02330003278941775,cap
2022-11-03,1599.2142265623102,0.0,
2022-11-04,1607.8634681013552,0.0,
2022-11-07,1637.059932939209,0.0,
2022-11-08,1673.0036127015887,0.0,
2022-11-09,1686.6707289473386,0.0,
2022-11-10,1660.041274130737,0.0,
2022-11-11,1731.4164395113792,0.0,
2022-11-14,1717.3783075190674,0.0,
2022-11-15,1749.4443848167443,0.0,
2022-11-16,1756.1349715530282,0.0,
2022-11-17,1708.6524535303533,0.0,
2022-11-18,1721.3402859383946,0.0,
2022-11-21,1708.9749531030066,0.0,
2022-11-22,1678.5814135802198,0.0,
2022-11-23,1686.8116459628604,0.0,
2022-11-24,1715.1051780306411,0.0,
2022-11-25,1693.1031206768218,0.0,
2022-11-28,1667.6226600079663,0.0,
2022-11-29,1708.2896369254684,0.0,
2022-11-30,1721.7758676328426,0.0,
2022-12-01,1721.1674252870073,0.0,
2022-12-02,1674.2367214219255,0.02944616043277931,cap
2022-12-05,1669.3019875090108,0.0,
2022-12-06,1637.918568493277,0.0,
2022-12-07,1614.4710187310172,0.0,
2022-12-08,1610.1955997128164,0.0,
2022-12-09,1660.9011961590256,0.0,
2022-12-12,1637.127952560097,0.3030662800579539,regular
2022-12-13,1647.7068557319433,0.0,
2022-12-14,1666.4600985657157,0.3048457343296054,cap
2022-12-15,1640.3203119808784,0.0,
2022-12-16,1627.804906412123,0.0,
2022-12-19,1629.751079450008,0.0,
2022-12-20,1603.9642780969216,0.0,
2022-12-21,1594.2897802783532,0.0,
2022-12-22,1618.9233921809252,0.0,
2022-12-23,1581.0799727383219,0.0,
2022-12-26,1571.6827187815852,0.0,
2022-12-27,1577.7756415108968,0.0,
2022-12-28,1542.3143423392416,0.0,
2022-12-29,1506.5610613046922,0.0,
2023-01-02,1504.6377285129824,0.0,
2023-01-03,1522.1952033609093,0.004761243092550077,cap
2023-01-04,1619.283662853033,0.0,
2023-01-05,1612.676984045327,0.0,
2023-01-06,1644.368641969791,0.0,
2023-01-09,1683.720608553702,0.0,
2023-01-10,1699.442768240499,0.0,
2023-01-11,1705.727945080919,0.0,
2023-01-12,1700.212993417273,0.0,
2023-01-13,1697.7369993524278,0.0,
2023-01-16,1705.4740902949347,0.0,
2023-01-17,1705.9005325169524,0.0,
2023-01-18,1698.6830700827927,0.0,
2023-01-19,1711.4424152029362,0.0,
2023-01-20,1719.6478914757583,0.0,
2023-01-25,1786.5795118026324,0.0,
2023-01-26,1801.085832749544,0.0,
2023-01-27,1802.9913654858533,0.0,
2023-01-30,1788.7384085451924,0.0,
2023-01-31,1766.2942512480686,0.0,
2023-02-01,1792.653170826412,0.0,
2023-02-02,1832.4421066514094,0.015950968107539154,cap
2023-02-03,1831.2845025270233,0.0,
2023-02-06,1806.3348087953486,0.0,
2023-02-07,1839.7827436707591,0.0,
2023-02-08,1876.4478871961855,0.0,
2023-02-09,1879.4021403889476,0.0,
2023-02-10,1877.9331584306233,0.0,
2023-02-13,1864.579547703664,0.0,
2023-02-14,1878.1678686893488,0.0,
2023-02-15,1873.9167881301998,0.0,
2023-02-16,1889.8525538100125,0.0,
2023-02-17,1847.1777970642602,0.0,
2023-02-20,1854.3685520744125,0.0,
2023-02-21,1844.7451820137328,0.0,
2023-02-22,1824.351517916863,0.0,
2023-02-23,1867.965012352734,0.0,
2023-02-24,1854.7638244912107,0.0,
2023-02-27,1848.982938222983,0.0,
2023-02-28,1842.2166131131462,0.0,
2023-03-02,1824.2256083339212,0.0,
2023-03-03,1811.035556763768,0.030081622660222906,cap
2023-03-06,1848.8535387991258,0.0,
2023-03-07,1849.6846257731252,0.0,
2023-03-08,1828.845572299516,0.0,
2023-03-09,1804.2063504640062,0.0,
2023-03-10,1757.8886834554555,0.0,
2023-03-13,1767.078717724715,0.0,
2023-03-14,1704.7305125492994,0.0,
2023-03-15,1695.393589687726,0.0,
2023-03-16,1716.6367337911056,0.0,
2023-03-17,1813.2582567343675,0.0,
2023-03-20,1802.5341011729015,0.0,
2023-03-21,1790.821128315262,0.0,
2023-03-22,1837.5195970457476,0.0,
2023-03-23,1867.9240293083183,0.0,
2023-03-24,2005.4141631895668,0.0,
2023-03-27,2011.5148924522348,0.0,
2023-03-28,2056.99824177021,0.0,
2023-03-29,2042.6915320443707,0.0,
2023-03-30,2070.5120649376827,0.0,
2023-03-31,2053.84845167107,0.0,
2023-04-03,2035.1871258005044,0.0,
2023-04-04,1958.695253074445,0.04435068609640838,cap
2023-04-05,1976.2352212963638,0.0,
2023-04-06,1958.7616662711384,0.0,
2023-04-07,2055.489652545914,0.0,
2023-04-10,2059.2974774758586,0.0,
2023-04-11,2112.96581974064,0.0,
2023-04-12,2071.605381665566,0.0,
2023-04-13,2058.558428183383,0.0,
2023-04-14,2038.556717140116,0.0,
2023-04-17,2041.9567488440207,0.0,
2023-04-18,2034.66061125359,0.0,
2023-04-19,2050.246654633758,0.0,
2023-04-20,2071.705406419123,0.0,
2023-04-21,2102.027485253483,0.0,
2023-04-24,2037.7293868910597,0.0,
2023-04-25,2013.301884221783,0.0,
2023-04-26,2070.7561836566224,0.0,
2023-04-27,2084.9953350111605,0.0,
2023-04-28,2067.135044602749,0.0,
2023-05-02,2101.972005936732,0.0,
2023-05-03,2159.106793102112,0.03435606403042163,cap
2023-05-04,2100.4569805656383,0.0,
2023-05-08,2103.056348123857,0.0,
2023-05-09,2083.682190027437,0.0,
2023-05-10,2058.813411852985,0.0,
2023-05-11,2032.5409549136364,0.0,
2023-05-12,2035.551379450421,0.0,
2023-05-15,2010.2753897032162,0.0,
2023-05-16,2058.752102984586,0.0,
2023-05-17,2080.0215327219357,0.0,
2023-05-18,2140.975546227546,0.0,
2023-05-19,2337.538957814847,0.0,
2023-05-22,2352.056801505349,0.0,
2023-05-23,2362.5117309750867,0.0,
2023-05-24,2360.4582103206353,0.0,
2023-05-25,2433.5099444652205,0.0,
2023-05-26,2491.0462901683877,0.0,
2023-05-30,2523.422568206741,0.0,
2023-05-31,2479.7296834317067,0.0,
2023-06-01,2481.647695788444,0.0,
2023-06-02,2475.78963203954,0.02372428596114426,cap
2023-06-05,2440.4420580686074,0.0,
2023-06-07,2422.3867886767616,0.0,
2023-06-08,2454.8355592606576,0.0,
2023-06-09,2540.5619882040714,0.0,
2023-06-12,2521.431416488916,0.311416925138173,regular
2023-06-13,2567.7204858443424,0.0,
2023-06-14,2558.571427376478,0.29866153227639786,cap
2023-06-15,2645.888714651256,0.0,
2023-06-16,2647.111010492399,0.0,
2023-06-19,2617.0336599521197,0.0,
2023-06-20,2680.525006270465,0.0,
2023-06-21,2607.6474912243307,0.0,
2023-06-22,2604.3850617382295,0.0,
2023-06-23,2647.1484461361642,0.0,
2023-06-26,2665.629871562131,0.0,
2023-06-27,2646.6111757789886,0.0,
2023-06-28,2647.4200103853163,0.0,
2023-06-29,2670.448065699707,0.0,
2023-06-30,2659.278466237496,0.0,
2023-07-03,2719.9820933298915,0.0,
2023-07-04,2731.845721473558,0.039873902909953685,cap
2023-07-05,2688.421876343449,0.0,
2023-07-06,2617.671064409225,0.0,
2023-07-07,2583.908550596113,0.0,
2023-07-10,2554.324653265943,0.0,
2023-07-11,2649.4697221866404,0.0,
2023-07-12,2704.596746643153,0.0,
2023-07-13,2969.186028928124,0.0,
2023-07-14,3179.906587495224,0.0,
2023-07-17,3250.533005254325,0.0,
2023-07-18,3240.396164733272,0.0,
2023-07-19,3059.4408801793893,0.0,
2023-07-20,3116.900408779893,0.0,
2023-07-21,3066.8029597442874,0.0,
2023-07-24,3123.1529164862477,0.0,
2023-07-25,3087.5114913839993,0.0,
2023-07-26,3009.6561547748047,0.0,
2023-07-27,3179.024643373906,0.0,
2023-07-28,3232.3330642883957,0.0,
2023-07-31,3225.8514173724575,0.0,
2023-08-01,3396.849273174269,0.0,
2023-08-02,3218.658018122794,0.10900620487994003,cap
2023-08-03,3207.3525483907047,0.0,
2023-08-04,3149.3823805319275,0.0,
2023-08-07,3174.058902402508,0.0,
2023-08-08,3141.5093488154994,0.0,
2023-08-09,3139.86980406803,0.0,
2023-08-10,3127.145045529247,0.0,
2023-08-11,3113.6143205475382,0.0,
2023-08-14,3057.9381996153415,0.0,
2023-08-16,3116.9642946137897,0.0,
2023-08-17,3116.452200529475,0.0,
2023-08-18,3329.0097652081963,0.0,
2023-08-21,3367.8224518408533,0.0,
2023-08-22,3283.7607634122273,0.0,
2023-08-23,3313.08752049443,0.0,
2023-08-24,3341.2873615469266,0.0,
2023-08-25,3260.9369159572234,0.0,
2023-08-28,3264.016072102334,0.0,
2023-08-29,3294.7923573806484,0.0,
2023-08-30,3345.791596187778,0.0,
2023-08-31,3423.087439651462,0.0,
2023-09-01,3441.5373465488665,0.0,
2023-09-04,3430.889273840413,0.03620851642180356,cap
2023-09-05,3436.5670053700183,0.0,
2023-09-06,3388.2654085311565,0.0,
2023-09-07,3393.6385584571794,0.0,
2023-09-08,3285.065144761905,0.0,
2023-09-11,3296.5185169889924,0.0,
2023-09-12,3289.550221861036,0.0,
2023-09-13,3319.139683775686,0.0,
2023-09-14,3381.243028126962,0.0,
2023-09-15,3393.875533465465,0.0,
2023-09-18,3257.673249119181,0.0,
2023-09-19,3238.4297078335726,0.0,
2023-09-20,3226.651712814926,0.0,
2023-09-21,3176.4543529544903,0.0,
2023-09-22,3209.050993272703,0.0,
2023-09-25,3215.810059879979,0.0,
2023-09-26,3195.561866065888,0.0,
2023-09-27,3234.666150546287,0.0,
2023-10-04,3256.4010967415766,0.0,
2023-10-05,3267.9885337732576,0.019551615743898326,cap
2023-10-06,3258.368818331846,0.0,
2023-10-10,3188.0209734663636,0.0,
2023-10-11,3250.600069321203,0.0,
2023-10-12,3393.5071769482465,0.0,
2023-10-13,3416.1633867062833,0.0,
2023-10-16,3421.859706112672,0.0,
2023-10-17,3519.8833623775276,0.0,
2023-10-18,3529.642444811511,0.0,
2023-10-19,3478.444245487495,0.0,
2023-10-20,3467.440386491195,0.0,
2023-10-23,3377.3743562346804,0.0,
2023-10-24,3470.029906377951,0.0,
2023-10-25,3486.6710791101536,0.0,
2023-10-26,3368.749405775091,0.0,
2023-10-27,3351.9288824160144,0.0,
2023-10-30,3347.825946403744,0.0,
2023-10-31,3223.6017791465733,0.0,
2023-11-01,3291.7193017840805,0.0,
2023-11-02,3451.4164601539896,0.00784329635366321,cap
2023-11-03,3436.3179630194018,0.0,
2023-11-06,3563.9705100536457,0.0,
2023-11-07,3622.2745657120067,0.0,
2023-11-08,3543.982110082292,0.0,
2023-11-09,3568.287377401728,0.0,
2023-11-10,3690.7496719637584,0.0,
2023-11-13,3530.66924422336,0.0,
2023-11-14,3554.817750110259,0.0,
2023-11-15,3671.691960665404,0.0,
2023-11-16,3667.0727676974307,0.0,
2023-11-17,3648.101999714601,0.0,
2023-11-20,3649.141367532006,0.0,
2023-11-21,3646.2794833959942,0.0,
2023-11-22,3643.860878436861,0.0,
2023-11-23,3586.15422874199,0.0,
2023-11-24,3577.365708597733,0.0,
2023-11-27,3573.506610979116,0.0,
2023-11-28,3641.1241399822866,0.0,
2023-11-29,3621.9208644965775,0.0,
2023-11-30,3705.8152360242834,0.0,
2023-12-01,3648.605217086271,0.0,
2023-12-04,3600.6414880219813,0.0009754989874272979,cap
2023-12-05,3489.7502025637777,0.0,
2023-12-06,3497.2766998295824,0.0,
2023-12-07,3514.040791017661,0.0,
2023-12-08,3577.7189038847773,0.0,
2023-12-11,3569.0499294976635,0.0,
2023-12-12,3596.5412581087758,0.0,
2023-12-13,3580.7787986709645,0.0,
2023-12-14,3648.1328593211633,0.0,
2023-12-15,3663.5871467591105,0.0,
2023-12-18,3656.9743983880876,0.2921876892159498,regular
2023-12-19,3667.4821702525464,0.0,
2023-12-20,3722.978768013328,0.2933035639080312,cap
2023-12-21,3736.867569091059,0.0,
2023-12-22,3739.997805282492,0.0,
2023-12-26,3733.119906000987,0.0,
2023-12-27,3834.3816791708773,0.0,
2023-12-28,3856.621300506322,0.0,
2024-01-02,3863.7934685557243,0.0,
2024-01-03,3743.7106285372383,0.010575489538326072,cap
2024-01-04,3723.092587568031,0.0,
2024-01-05,3728.932265924092,0.0,
2024-01-08,3698.9472409391374,0.0,
2024-01-09,3695.1303137700143,0.0,
2024-01-10,3635.434972171183,0.0,
2024-01-11,3664.3415124400535,0.0,
2024-01-12,3605.539844141756,0.0,
2024-01-15,3599.6292238471465,0.0,
2024-01-16,3486.91042787602,0.0,
2024-01-17,3444.653701898334,0.0,
2024-01-18,3583.13125094361,0.0,
2024-01-19,3709.733342476101,0.0,
2024-01-22,3728.0746907808953,0.0,
2024-01-23,3713.275561274146,0.0,
2024-01-24,3731.67293837913,0.0,
2024-01-25,3664.4332212722056,0.0,
2024-01-26,3661.290869707353,0.0,
2024-01-29,3691.445792969499,0.0,
2024-01-30,3700.8651820321893,0.0,
2024-01-31,3638.0875595473153,0.0,
2024-02-01,3607.1641218467503,0.0,
2024-02-02,3695.109546876412,0.003816678097351034,cap
2024-02-05,3644.1876965123706,0.0,
2024-02-06,3743.488032496381,0.0,
2024-02-07,3740.874005218252,0.0,
2024-02-08,4145.276194553644,0.0,
2024-02-13,4280.872021263877,0.0,
2024-02-14,4207.87605784592,0.0,
2024-02-15,4118.921922832791,0.0,
2024-02-16,4096.224609970985,0.0,
2024-02-19,4135.028679933479,0.0,
2024-02-20,4111.3173300693325,0.0,
2024-02-21,4040.7916691560085,0.0,
2024-02-22,4210.4398221297615,0.0,
2024-02-23,4197.990485841626,0.0,
2024-02-26,4280.874179772292,0.0,
2024-02-27,4313.146877167511,0.0,
2024-02-28,4509.853151393576,0.0,
2024-02-29,4386.7946324537115,0.0,
2024-03-04,4725.206117561822,0.0,
2024-03-05,4686.718489838916,0.08609627768660866,cap
2024-03-06,4751.199117984045,0.0,
2024-03-07,4710.711726749079,0.0,
2024-03-08,4823.056817021591,0.0,
2024-03-11,4709.546204361093,0.0,
2024-03-12,4731.67908931816,0.0,
2024-03-13,4761.808441427058,0.0,
2024-03-14,4730.254576639961,0.0,
2024-03-15,4636.770151286386,0.0,
2024-03-18,4711.184906413868,0.0,
2024-03-19,4591.804262547927,0.0,
2024-03-20,4638.9063080334945,0.0,
2024-03-21,4828.518156526843,0.0,
2024-03-22,4818.154758013698,0.0,
2024-03-25,4858.873239438253,0.0,
2024-03-26,5211.587862425019,0.0,
2024-03-27,5284.1220364081155,0.0,
2024-03-28,5600.0466788266485,0.0,
2024-03-29,5674.246211542187,0.0,
2024-04-01,5831.045532269315,0.0,
2024-04-02,5954.909140244186,0.06931613504294953,cap
2024-04-03,5850.058035919059,0.0,
2024-04-04,5868.160188587183,0.0,
2024-04-05,5772.245860075885,0.0,
2024-04-08,5711.542656484431,0.0,
2024-04-09,5714.095273337148,0.0,
2024-04-11,5904.425540351648,0.0,
2024-04-12,5936.270944627525,0.0,
2024-04-15,5920.679746304799,0.0,
2024-04-16,5690.491912227469,0.0,
2024-04-17,5605.972576687936,0.0,
2024-04-18,5746.623430997537,0.0,
2024-04-19,5519.443102705964,0.0,
2024-04-22,5339.426890775611,0.0,
2024-04-23,5377.684857918024,0.0,
2024-04-24,5696.634108165306,0.0,
2024-04-25,5461.681305730002,0.0,
2024-04-26,5557.285827494882,0.0,
2024-04-29,5535.677666285938,0.0,
2024-04-30,5507.597704948192,0.0,
2024-05-02,5485.596373210349,0.0,
2024-05-03,5431.066250604033,0.006783743089646493,cap
2024-05-07,5674.797864538894,0.0,
2024-05-08,5717.955013835309,0.0,
2024-05-09,5664.592510692803,0.0,
2024-05-10,5665.149115417612,0.0,
2024-05-13,5695.6054981261195,0.0,
2024-05-14,5738.195366496899,0.0,
2024-05-16,5848.375267628201,0.0,
2024-05-17,5738.820968656247,0.0,
2024-05-20,5795.401567184457,0.0,
2024-05-21,5788.278071117862,0.0,
2024-05-22,5930.399474173374,0.0,
2024-05-23,5955.904354299432,0.0,
2024-05-24,5903.384176877478,0.0,
2024-05-27,6026.690400614135,0.0,
2024-05-28,6196.873285756859,0.0,
2024-05-29,6227.222939612997,0.0,
2024-05-30,6062.17611938783,0.0,
2024-05-31,5944.102610026531,0.0,
2024-06-03,5838.801948186674,0.0,
2024-06-04,5846.522101309131,0.03286444859323773,cap
2024-06-05,5999.330679658619,0.0,
2024-06-07,6148.988146022223,0.0,
2024-06-10,6154.586450560267,0.0,
2024-06-11,6177.834438322106,0.0,
2024-06-12,6428.158889017575,0.0,
2024-06-13,6751.114261615552,0.0,
2024-06-14,6647.569789206583,0.0,
2024-06-17,6631.535093876362,0.304825857579834,regular
2024-06-18,6763.997275715593,0.0,
2024-06-19,6803.21679475068,0.21581282424141637,cap
2024-06-20,6815.2709164349735,0.0,
2024-06-21,6667.195846319877,0.0,
2024-06-24,6476.10184492296,0.0,
2024-06-25,6439.214192682449,0.0,
2024-06-26,6602.298183081835,0.0,
2024-06-27,6569.350703522371,0.0,
2024-06-28,6601.007260923817,0.0,
2024-07-01,6623.813894278957,0.0,
2024-07-02,6512.504455893148,0.05305640250145324,cap
2024-07-03,6555.9586730382425,0.0,
2024-07-04,6541.180624527428,0.0,
2024-07-05,6599.3237339889,0.0,
2024-07-08,6555.314174520597,0.0,
2024-07-09,6670.056949189528,0.0,
2024-07-10,6630.143909835658,0.0,
2024-07-11,6585.36632191442,0.0,
2024-07-12,6393.301024431354,0.0,
2024-07-15,6410.374890975662,0.0,
2024-07-16,6540.30170988393,0.0,
2024-07-17,6267.952007305514,0.0,
2024-07-18,6100.1167360552545,0.0,
2024-07-19,6019.567202658871,0.0,
2024-07-22,5889.882786825086,0.0,
2024-07-23,5895.586577390119,0.0,
2024-07-24,5841.70289789753,0.0,
2024-07-25,5555.7771079430895,0.0,
2024-07-26,5587.344312151718,0.0,
2024-07-29,5671.87155203306,0.0,
2024-07-30,5471.622551799757,0.0,
2024-07-31,5656.094363607431,0.0,
2024-08-01,5599.369830351821,0.0,
2024-08-02,5156.2269171164035,0.0929006857446976,cap
2024-08-05,4553.26427294682,0.0,
2024-08-06,4743.314668249066,0.0,
2024-08-07,4838.349289669391,0.0,
2024-08-08,4723.416902325795,0.0,
2024-08-09,4881.008981063089,0.0,
2024-08-12,5028.70377801625,0.0,
2024-08-13,5056.855134930681,0.0,
2024-08-14,5224.231555689399,0.0,
2024-08-16,5498.851297172728,0.0,
2024-08-19,5352.133275805192,0.0,
2024-08-20,5446.73363504515,0.0,
2024-08-21,5361.9708995769715,0.0,
2024-08-22,5298.368906725814,0.0,
2024-08-23,5219.895929249066,0.0,
2024-08-26,5104.208515788275,0.0,
2024-08-27,5084.660444193199,0.0,
2024-08-28,5165.903616262747,0.0,
2024-08-29,4857.539939268073,0.0,
2024-08-30,4956.649534468262,0.0,
2024-09-02,4890.893819690931,0.0,
2024-09-03,4786.716278693425,0.0,
2024-09-04,4505.825700820288,0.0,
2024-09-05,4477.178969455013,0.0,
2024-09-06,4348.244214902613,0.0,
2024-09-09,4376.599020985551,0.0,
2024-09-10,4416.349906472218,0.0,
2024-09-11,4603.789736853719,0.0,
2024-09-12,4784.641841788659,0.0,
2024-09-13,4622.550962622985,0.0,
2024-09-19,4529.199718247493,0.0,
2024-09-20,4574.4875969800405,0.0,
2024-09-23,4651.079546691891,0.0,
2024-09-24,4756.595061606986,0.0,
2024-09-25,4747.378044537546,0.0,
2024-09-26,5075.633111040967,0.0,
2024-09-27,5125.647077979075,0.0,
2024-09-30,4875.665435608937,0.0,
2024-10-02,4832.2158311389385,0.0,
2024-10-04,4827.201876428472,0.0,
2024-10-07,5006.7062643086565,0.0,
2024-10-08,4875.8330040238025,0.0,
2024-10-10,4909.316490508707,0.0,
2024-10-11,4924.092610536841,0.0,
2024-10-14,5084.888879224096,0.0,
2024-10-15,5090.616224677714,0.0,
2024-10-16,4991.333827675691,0.0,
2024-10-17,5150.348755863757,0.0,
2024-10-18,4842.823238394277,0.0,
2024-10-21,4826.35034743025,0.0,
2024-10-22,4712.900332225077,0.0,
2024-10-23,4838.620498818906,0.0,
2024-10-24,4722.113813713063,0.0,
2024-10-25,4766.389036194824,0.0,
2024-10-28,4752.937355847262,0.0,
2024-10-29,4647.592924072002,0.0,
2024-10-30,4696.158458195142,0.0,
2024-10-31,4580.821519918817,0.0,
2024-11-01,4503.762120648182,0.0,
2024-11-04,4681.385573543672,0.08318771255358588,cap
2024-11-05,4654.054473453091,0.0,
2024-11-06,4570.568034807142,0.0,
2024-11-07,4550.132461428338,0.0,
2024-11-08,4579.222072622364,0.0,
2024-11-11,4372.491314825816,0.0,
2024-11-12,4210.237192175021,0.0,
2024-11-13,4068.3692888445103,0.0,
2024-11-14,3957.9452109387225,0.0,
2024-11-15,4092.2368377869643,0.0,
2024-11-18,4090.049187702471,0.0,
2024-11-19,4070.73006815747,0.0,
2024-11-20,4058.3301359159113,0.0,
2024-11-21,4046.0454674276866,0.0,
2024-11-22,4156.555141736435,0.0,
2024-11-25,4267.4993800570965,0.0,
2024-11-26,4231.96749794418,0.0,
2024-11-27,4049.9380280738224,0.0,
2024-11-28,4004.9368207856423,0.0,
2024-11-29,3878.3814445874673,0.0,
2024-12-02,3839.3963935011293,0.0,
2024-12-03,3918.596592093229,0.0,
2024-12-04,3885.7925550686587,0.0,
2024-12-05,3931.815183656147,0.0,
2024-12-06,3855.6919139381002,0.0,
2024-12-09,3736.0299140517877,0.0,
2024-12-10,3816.2839376471,0.0,
2024-12-11,4012.8247101141696,0.0,
2024-12-12,4116.179488899137,0.0,
2024-12-13,4106.381357306057,0.0,
2024-12-16,4168.672564398614,0.20491929702019873,regular
2024-12-17,4180.346414279775,0.0,
2024-12-18,4238.223807687727,0.18995406176827434,cap
2024-12-19,4144.7248797510365,0.0,
2024-12-20,3970.156879142872,0.0,
2024-12-23,4089.6737159432987,0.0,
2024-12-24,4048.703241703674,0.0,
2024-12-26,4009.082382230172,0.0,
2024-12-27,4035.3895207687415,0.0,
2024-12-30,4026.2339484971844,0.0,
2025-01-02,4098.584819101066,0.0,
2025-01-03,4293.371583646411,0.0,
2025-01-06,4548.032091029338,0.0,
2025-01-07,4626.439594602592,0.0,
2025-01-08,4875.952019047466,0.0,
2025-01-09,5120.08344838077,0.0,
2025-01-10,5070.493388491698,0.0,
2025-01-13,4884.562051668436,0.0,
2025-01-14,4873.865658133732,0.0,
2025-01-15,4847.079363351799,0.0,
2025-01-16,4966.653782516545,0.0,
2025-01-17,5200.451686700842,0.0,
2025-01-20,5183.525153093966,0.0,
2025-01-21,5271.150571042525,0.0,
2025-01-22,5522.750506885716,0.0,
2025-01-23,5379.012375025044,0.0,
2025-01-24,5345.722884223992,0.0,
2025-01-31,5056.907119073348,0.0,
2025-02-03,4721.467935781303,0.0,
2025-02-04,4766.793273258351,0.0,
2025-02-05,4895.864879805063,0.0,
2025-02-06,5297.606414748571,0.0,
2025-02-07,5397.339304154404,0.0,
2025-02-10,5463.173888060341,0.0,
2025-02-11,5365.379475722251,0.0,
2025-02-12,5246.0889462070445,0.0,
2025-02-13,5415.361106718811,0.0,
2025-02-14,5417.419763737236,0.0,
2025-02-17,5473.244853807287,0.0,
2025-02-18,5421.934512909437,0.0,
2025-02-19,5671.520353386263,0.0,
2025-02-20,5436.122765192266,0.0,
2025-02-21,5378.587181318874,0.0,
2025-02-24,5276.320715832193,0.0,
2025-02-25,5213.30223026625,0.0,
2025-02-26,5267.892726454991,0.0,
2025-02-27,5072.668196027711,0.0,
2025-02-28,4832.625587296991,0.0,
2025-03-04,4758.518026785824,0.0,
2025-03-05,4809.707210603062,0.0,
2025-03-06,5002.295289152361,0.0,
2025-03-07,4796.146520920806,0.0,
2025-03-10,4799.38325833078,0.0,
2025-03-11,4883.725031642736,0.0,
2025-03-12,5052.379721486575,0.0,
2025-03-13,5061.239428483161,0.0,
2025-03-14,5089.868405512829,0.0,
2025-03-17,5138.403390970192,0.0,
2025-03-18,5145.857203125111,0.0,
2025-03-19,5044.843166080974,0.0,
2025-03-20,5100.39131629922,0.0,
2025-03-21,5156.616779655609,0.0,
2025-03-24,5056.931198457109,0.0,
2025-03-25,4904.537295847387,0.0,
2025-03-26,4992.874837977994,0.0,
2025-03-27,4853.836900237257,0.0,
2025-03-28,4680.050493541708,0.0,
2025-03-31,4454.230355059619,0.0,
2025-04-01,4595.126201546519,0.0,
2025-04-02,4565.706310389956,0.0,
2025-04-03,4522.276298235948,0.0,
2025-04-04,4354.732573124143,0.0,
2025-04-07,3958.7525623357187,0.0,
2025-04-08,4020.678725463122,0.0,
2025-04-09,3947.8413043333567,0.0,
2025-04-10,4328.149225769091,0.0,
2025-04-11,4389.861547463031,0.0,
2025-04-14,4445.097169035481,0.0,
2025-04-15,4510.959919871089,0.0,
2025-04-16,4341.234542742756,0.0,
2025-04-17,4407.9697985427165,0.0,
2025-04-18,4474.420759481069,0.0,
2025-04-21,4559.90423460788,0.0,
2025-04-22,4499.480037039769,0.0,
2025-04-23,4731.633332396343,0.0,
2025-04-24,4660.550154449538,0.0,
2025-04-25,4733.211976340637,0.0,
2025-04-28,4549.14630183674,0.0,
2025-04-29,4550.336571437,0.0,
2025-04-30,4517.945165190305,0.0,
2025-05-02,4552.499458704431,0.0,
2025-05-07,4629.8652122478325,0.0,
2025-05-08,4707.485772867887,0.0,
2025-05-09,4650.147965129343,0.0,
2025-05-12,4842.532208692711,0.0,
2025-05-13,4813.473342718745,0.0,
2025-05-14,4989.23421161841,0.0,
2025-05-15,4898.564345705248,0.0,
2025-05-16,5066.2402395754325,0.0,
2025-05-19,4898.478504131379,0.0,
2025-05-20,4945.720007925355,0.0,
2025-05-21,4976.237235787076,0.0,
2025-05-22,4790.375788062429,0.0,
2025-05-23,4746.587616963799,0.0,
2025-05-26,4981.724967284444,0.0,
2025-05-27,4947.899592112741,0.0,
2025-05-28,5006.094913158875,0.0,
2025-05-29,5017.991475885339,0.0,
2025-05-30,4868.134428865698,0.0,
2025-06-02,4883.093522969062,0.0,
2025-06-04,5029.660557216996,0.0,
2025-06-05,5303.63434546886,0.0,
2025-06-09,5351.48658311629,0.0,
2025-06-10,5355.414845689704,0.0,
2025-06-11,5500.17067952624,0.0,
2025-06-12,5429.002439783122,0.0,
2025-06-13,5394.504196870185,0.0,
2025-06-16,5452.072792169485,0.37759805804830154,regular
2025-06-17,5490.902899635835,0.0,
2025-06-18,5552.287583202018,0.18013186225218808,cap
2025-06-19,5593.524462846939,0.0,
2025-06-20,5684.924798675387,0.0,
2025-06-23,5580.58533468575,0.0,
2025-06-24,5810.41759736761,0.0,
2025-06-25,5958.158412527911,0.0,
2025-06-26,6076.8115240979505,0.0,
2025-06-27,5988.9312292287095,0.0,
2025-06-30,6012.4888613620415,0.0,
2025-07-01,5866.245059979775,0.0,
2025-07-02,5768.958923049255,0.060776173505332716,cap
2025-07-03,5906.6478802494485,0.0,
2025-07-04,5783.55727223613,0.0,
2025-07-07,5719.197071187517,0.0,
2025-07-08,5811.945802136358,0.0,
2025-07-09,5744.155927755937,0.0,
2025-07-10,5874.272097421847,0.0,
2025-07-11,5866.573219527368,0.0,
2025-07-14,5754.814233774873,0.0,
2025-07-15,5844.168327486712,0.0,
2025-07-16,5826.995794965841,0.0,
2025-07-17,5681.254015493392,0.0,
2025-07-18,5668.126999218254,0.0,
2025-07-21,5715.323812362574,0.0,
2025-07-22,5576.197535263499,0.0,
2025-07-23,5576.939465083161,0.0,
2025-07-24,5516.725737107207,0.0,
2025-07-25,5508.626065545528,0.0,
2025-07-28,5627.442033574281,0.0,
2025-07-29,5611.053491893469,0.0,
2025-07-30,5692.8346766293225,0.0,
2025-07-31,5819.774797862296,0.0,
2025-08-01,5535.704366113359,0.0,
2025-08-04,5569.695841849763,0.0,
2025-08-05,5672.763848670757,0.0,
2025-08-06,5627.067856604531,0.0,
2025-08-07,5694.21774527275,0.0,
2025-08-08,5691.805435114591,0.0,
2025-08-11,5790.662947272039,0.0,
2025-08-12,5788.551244085263,0.0,
2025-08-13,5897.669958457506,0.0,
2025-08-14,5895.80909857292,0.0,
2025-08-18,5701.852693468252,0.0,
2025-08-19,5680.005564912634,0.0,
2025-08-20,5573.628698735818,0.0,
2025-08-21,5510.819491421629,0.0,
2025-08-22,5618.431149161925,0.0,
2025-08-25,5766.674927000587,0.0,
2025-08-26,5768.482203736176,0.0,
2025-08-27,5762.104569157845,0.0,
2025-08-28,5754.296089119345,0.0,
2025-08-29,5798.605103558052,0.0,
2025-09-01,5675.71702748205,0.0,
2025-09-02,5755.470542615546,0.0,
2025-09-03,5826.514675491066,0.0,
2025-09-04,5886.007041424302,0.0,
2025-09-05,5909.2845381318175,0.0,
2025-09-08,6016.624262998072,0.0,
2025-09-09,6153.58666960867,0.0,
2025-09-10,6327.059893923111,0.0,
2025-09-11,6438.118232011646,0.0,
2025-09-12,6628.78681447519,0.0,
2025-09-15,6955.64079052724,0.0,
2025-09-16,7097.428582111471,0.0,
2025-09-17,6934.485431843041,0.0,
2025-09-18,7247.878990494578,0.0,
2025-09-19,7259.172351541803,0.0,
2025-09-22,7458.340731590922,0.0,
2025-09-23,7660.7385901051075,0.0,
2025-09-24,7672.756817341196,0.0,
2025-09-25,7611.259476844732,0.0,
2025-09-26,7368.787058076976,0.0,
2025-09-29,7473.604856417639,0.0,
2025-09-30,7541.82700876718,0.0,
2025-10-01,7711.2582005628365,0.0,
2025-10-02,8111.379495430148,0.0,
2025-10-10,8753.758036533009,0.0,
2025-10-13,8843.981073672841,0.0,
2025-10-14,8627.578847777726,0.0,
2025-10-15,9149.442582834836,0.0,
2025-10-16,9443.451436533618,0.0,
2025-10-17,9537.366505555712,0.0,
2025-10-20,9785.462128593208,0.0,
2025-10-21,9670.172122949347,0.0,
2025-10-22,9755.124116933459,0.0,
2025-10-23,9620.462562118226,0.0,
2025-10-24,9983.246980454762,0.0,
2025-10-27,10208.6547589351,0.0,
2025-10-28,9956.567318603322,0.0,
2025-10-29,10114.741968581215,0.0,
2025-10-30,10287.468653193604,0.0,
2025-10-31,10377.750842674466,0.0,
2025-11-03,10693.00236809919,0.0,
2025-11-04,10294.966105533917,0.0,
2025-11-05,9917.431420104862,0.0,
2025-11-06,9968.19578316096,0.0,
2025-11-07,9761.382331967498,0.0,
2025-11-10,10004.62945243412,0.0,
2025-11-11,10135.982515984879,0.0,
2025-11-12,10078.390245222405,0.0,
2025-11-13,10113.655642530422,0.0,
2025-11-14,9455.109703958251,0.0,
2025-11-17,9940.669390652929,0.0,
2025-11-18,9414.229075341229,0.0,
2025-11-19,9243.971568863952,0.0,
2025-11-20,9399.178729251544,0.0,
2025-11-21,8757.362607053237,0.0,
2025-11-24,8780.834577501706,0.0,
2025-11-25,8842.748993503803,0.0,
2025-11-26,9088.676562525552,0.0,
2025-11-27,9198.51611741008,0.0,
2025-11-28,9061.676725448353,0.0,
2025-12-01,9139.787786647152,0.0,
2025-12-02,9238.986304132139,0.06220735333643092,cap
2025-12-03,9283.021478141412,0.0,
2025-12-04,9074.38401420101,0.0,
2025-12-05,9280.008825922396,0.0,
2025-12-08,9500.848713016354,0.0,
2025-12-09,9358.358245468347,0.0,
2025-12-10,9391.079691660789,0.0,
2025-12-11,9227.875700065495,0.0,
2025-12-12,9289.092953955213,0.0,
2025-12-15,9055.081086195509,0.10724910263808152,regular
2025-12-16,8804.087775190725,0.0,
2025-12-17,9149.277349412872,0.15532347981174294,cap
2025-12-18,9033.054762436503,0.0,
2025-12-19,8965.004227770163,0.0,
2025-12-22,9549.987552933388,0.0,
2025-12-23,9584.44866494951,0.0,
2025-12-24,9551.203782151313,0.0,
2025-12-26,9866.698583720115,0.0,
2025-12-29,10119.613449080627,0.0,
2025-12-30,10110.401595541396,0.0,
2026-01-02,10992.564915321731,0.0,
2026-01-05,11793.524403612035,0.0,
2026-01-06,12384.43325633957,0.0,
2026-01-07,12391.596917732719,0.0,
2026-01-08,12387.29813319154,0.0,
2026-01-09,12079.84331021114,0.0,
2026-01-12,11901.882792317292,0.0,
2026-01-13,11969.07085774156,0.0,
2026-01-14,12206.741982092124,0.0,
2026-01-15,12326.494615050826,0.0,
2026-01-16,12480.613673114052,0.0,
2026-01-19,12440.168973536493,0.0,
2026-01-20,12078.30887757343,0.0,
2026-01-21,11869.633325055675,0.0,
2026-01-22,11891.307820069793,0.0,
2026-01-23,11946.791146688727,0.0,
2026-01-26,11924.945911599663,0.0,
2026-01-27,12621.298687450839,0.0,
2026-01-28,13108.510570672237,0.0,
2026-01-29,13730.35561958804,0.0,
2026-01-30,14118.382772681638,0.0,
2026-02-02,12861.330912825599,0.0,
2026-02-03,13894.900917348808,0.0,
2026-02-04,13972.927524907638,0.0,
2026-02-05,13189.710633559147,0.0,
2026-02-06,13158.280042591703,0.0,
2026-02-09,13812.173158102889,0.0,
2026-02-10,13648.921791573423,0.0,
2026-02-11,13433.66510804596,0.0,
2026-02-12,14179.927837718129,0.0,
2026-02-13,14009.27768409783,0.0,
2026-02-19,14443.242963261326,0.0,
2026-02-20,14624.604740396917,0.0,
2026-02-23,14648.74964673912,0.0,
2026-02-24,15248.196991962985,0.0,
2026-02-25,15390.762258212457,0.0,
2026-02-26,17322.570608171132,0.0,
2026-02-27,18017.527866301265,0.0,
2026-03-03,16357.909938703886,0.0,
2026-03-04,14887.793819846253,0.10014888730734336,cap
2026-03-05,17352.448968150675,0.0,
2026-03-06,17662.924730348426,0.0,
2026-03-09,16224.715747608901,0.0,
2026-03-10,17415.304176666355,0.0,
2026-03-11,17302.60776723349,0.0,
2026-03-12,17098.849559685354,0.0,
2026-03-13,16762.64172849497,0.0,
2026-03-16,17245.598749274053,0.0,
2026-03-17,17267.438891414517,0.0,
2026-03-18,18272.796096282713,0.0,
2026-03-19,17715.255014993385,0.0,
2026-03-20,17683.955127878926,0.0,
2026-03-23,16544.447363932963,0.0,
2026-03-24,16895.949165353184,0.0,
2026-03-25,17092.21458544898,0.0,
2026-03-26,16070.59054887125,0.0,
2026-03-27,15943.47207644783,0.0,
2026-03-30,15198.206686043473,0.0,
2026-03-31,14285.497314157146,0.0,
2026-04-01,15821.034733371698,0.0,
2026-04-02,14782.62942121744,0.0,
2026-04-03,15298.995413348584,0.0,
2026-04-06,15383.041552059818,0.0,
2026-04-07,15655.509733415127,0.0,
2026-04-08,17164.60291466868,0.0,
2026-04-09,16934.628223324267,0.0,
2026-04-10,17206.342297680003,0.0,
2026-04-13,16984.679707115672,0.0,
2026-04-14,17598.804851314755,0.0,
2026-04-15,18145.22202212183,0.0,
2026-04-16,18366.635516473845,0.0,
2026-04-17,18074.673987883238,0.0,
2026-04-20,18190.68029736026,0.0,
2026-04-21,18773.538128239787,0.0,
2026-04-22,18724.9530688791,0.0,
2026-04-23,18825.511051226982,0.0,
2026-04-24,19013.866607948865,0.0,
2026-04-27,20616.670186683008,0.0,
2026-04-28,20445.41751188209,0.0,
2026-04-29,20419.85369977886,0.0,
2026-04-30,20264.077531946903,0.0,
2026-05-04,21633.2694869246,0.0,
2026-05-06,23595.62838611022,0.08178514663826807,cap
2026-05-07,23776.968334116595,0.0,
2026-05-08,23686.11721680168,0.0,
2026-05-11,24981.376604101446,0.0,
2026-05-12,23988.613607893927,0.0,
2026-05-13,25189.647688436184,0.0,
2026-05-14,25576.175873492215,0.0,
2026-05-15,23374.209883604453,0.0,
2026-05-18,22817.959567382764,0.0,
2026-05-19,21740.052543496273,0.0,
2026-05-20,21764.369888694313,0.0,
2026-05-21,24163.792390598464,0.0,
2026-05-22,23848.266255995462,0.0,
2026-05-26,24781.27746675612,0.0,
2026-05-27,25282.299268819665,0.0,
2026-05-28,24604.394479899776,0.0,
2026-05-29,24952.96975313276,0.0,
2026-06-01,26012.723182368965,0.0,
2026-06-02,25959.793105830217,0.20113830632240332,cap
2026-06-04,26935.23928496771,0.0,
2026-06-05,25310.23781789219,0.0,
2026-06-08,22850.545819590585,0.0,
2026-06-09,25764.21120406488,0.0,
2026-06-10,24562.845569191377,0.0,
2026-06-11,25571.820087188727,0.0,
2026-06-12,28343.253755966572,0.0,
2026-06-15,28808.644715025457,0.20607193347236083,regular
2026-06-16,27968.164763464072,0.0,
2026-06-17,28458.09781079939,0.0,
2026-06-18,28717.943842812037,0.0,
2026-06-19,28033.220701906317,0.0,
2026-06-22,28496.98413802315,0.0,
2026-06-23,24979.44547571583,0.0,
2026-06-24,25367.06947611192,0.0,
2026-06-25,26807.99720900438,0.0,
2026-06-26,25424.342817363075,0.0,
2026-06-29,25487.896652031686,0.0,
2026-06-30,25920.057002770205,0.0,
2026-07-01,25864.51349478766,0.0,
2026-07-02,22399.37197368288,0.0,
2026-07-03,23749.0542120025,0.0,
2026-07-06,23368.02374607448,0.0,
2026-07-07,21749.397101491795,0.0,
2026-07-08,20400.74450468405,0.0,
2026-07-09,21026.04790129882,0.0,
2026-07-10,21775.26296319388,0.0,
2026-07-13,19891.502221129667,0.0,
2026-07-14,20526.731204518976,0.0,
2026-07-15,22823.020606807044,0.0,
2026-07-16,20994.306734842718,0.0,
2026-07-20,19868.432103311683,0.0,
2026-07-21,20174.041344794674,0.0,
2026-07-22,19908.979579694478,0.0,
2026-07-23,20881.519766449783,0.0,
