날짜,PR,TR
2020-06-15,1000.0,1000.0
2020-06-16,1040.2530781971361,1040.2530781971361
2020-06-17,1045.4672738696208,1045.4672738696208
2020-06-18,1047.309402109511,1047.309402109511
2020-06-19,1057.9575901343007,1057.9575901343007
2020-06-22,1046.8062259220214,1046.8062259220214
2020-06-23,1033.3177112318197,1033.3177112318197
2020-06-24,1053.1996301315573,1053.1996301315573
2020-06-25,1030.7397582552749,1030.7397582552749
2020-06-26,1039.9468760944114,1039.9468760944114
2020-06-29,1017.8294977760263,1017.8294977760263
2020-06-30,1028.76183630814,1028.76183630814
2020-07-01,1026.4378816252397,1026.4378816252397
2020-07-02,1021.6918203780322,1021.6918203780322
2020-07-03,1054.29503804446,1054.29503804446
2020-07-06,1075.4463206805854,1075.4463206805854
2020-07-07,1052.4372820258234,1052.4372820258234
2020-07-08,1066.246023321198,1066.246023321198
2020-07-09,1069.0747057172614,1069.0747057172614
2020-07-10,1075.0274579116533,1075.0274579116533
2020-07-13,1091.9090672509938,1091.9090672509938
2020-07-14,1108.4251132267818,1108.4251132267818
2020-07-15,1109.9954910561264,1109.9954910561264
2020-07-16,1092.3482390956788,1092.3482390956788
2020-07-17,1138.663038676297,1138.663038676297
2020-07-20,1125.2964250065854,1125.2964250065854
2020-07-21,1211.3041212990925,1211.3041212990925
2020-07-22,1217.691468645042,1217.691468645042
2020-07-23,1226.7959414920742,1226.7959414920742
2020-07-24,1237.3126102122346,1237.3126102122346
2020-07-27,1256.5757208899804,1256.5757208899804
2020-07-28,1279.4135149435585,1279.4135149435585
2020-07-29,1287.0194068346825,1287.0194068346825
2020-07-30,1293.1795404364104,1293.1795404364104
2020-07-31,1255.187552655771,1255.187552655771
2020-08-03,1260.2660611150532,1260.2660611150532
2020-08-04,1260.3643646695193,1260.3643646695193
2020-08-05,1244.1534127464936,1244.1534127464936
2020-08-06,1247.3624109585276,1247.3624109585276
2020-08-07,1242.8510509322077,1242.8510509322077
2020-08-10,1250.8983723703918,1250.8983723703918
2020-08-11,1267.14746168039,1267.14746168039
2020-08-12,1254.17951879792,1254.17951879792
2020-08-13,1240.061996599935,1240.061996599935
2020-08-14,1218.5241901761017,1218.5241901761017
2020-08-18,1191.6271823577981,1191.6271823577981
2020-08-19,1183.3697725042928,1183.3697725042928
2020-08-20,1118.5233823852884,1118.5233823852884
2020-08-21,1138.5108940450775,1138.5108940450775
2020-08-24,1145.8173917495149,1145.8173917495149
2020-08-25,1166.1131706370563,1166.1131706370563
2020-08-26,1168.4649761670316,1168.4649761670316
2020-08-27,1153.7706010320635,1153.7706010320635
2020-08-28,1151.4893396843784,1151.4893396843784
2020-08-31,1131.8186412217785,1131.8186412217785
2020-09-01,1138.9865730868823,1138.9865730868823
2020-09-02,1143.7264246480659,1143.7264246480659
2020-09-03,1188.7068072362017,1188.7068072362017
2020-09-04,1175.6975451245091,1175.6975451245091
2020-09-07,1180.4899905296984,1180.4899905296984
2020-09-08,1230.5684761631924,1230.5684761631924
2020-09-09,1225.2647118563343,1225.2647118563343
2020-09-10,1227.3365185858295,1227.3365185858295
2020-09-11,1222.069279632499,1222.069279632499
2020-09-14,1245.51203195985,1245.51203195985
2020-09-15,1250.0576315820433,1250.0576315820433
2020-09-16,1238.7843556289442,1238.7843556289442
2020-09-17,1220.7027195329151,1220.7027195329151
2020-09-18,1226.875441195613,1226.875441195613
2020-09-21,1220.9608302287927,1220.9608302287927
2020-09-22,1192.2420252802729,1192.2420252802729
2020-09-23,1214.062035365248,1214.062035365248
2020-09-24,1200.8860885906263,1200.8860885906263
2020-09-25,1190.8161306315585,1190.8161306315585
2020-09-28,1207.5549530643586,1207.5549530643586
2020-09-29,1218.8306802625007,1218.8306802625007
2020-10-05,1221.9964722475615,1221.9964722475615
2020-10-06,1221.2383075628968,1221.2383075628968
2020-10-07,1231.3482959831335,1231.3482959831335
2020-10-08,1225.5776064298755,1225.5776064298755
2020-10-12,1266.4209304397266,1266.4209304397266
2020-10-13,1294.7439402857694,1294.7439402857694
2020-10-14,1278.6522746917583,1278.6522746917583
2020-10-15,1267.6314372756342,1267.6314372756342
2020-10-16,1266.9842238430936,1266.9842238430936
2020-10-19,1281.177396701652,1281.177396701652
2020-10-20,1266.460911208342,1266.460911208342
2020-10-21,1259.5945110854984,1259.5945110854984
2020-10-22,1241.9301366428735,1241.9301366428735
2020-10-23,1224.2396361534304,1224.2396361534304
2020-10-26,1214.4324723667678,1214.4324723667678
2020-10-27,1209.2884120879512,1209.2884120879512
2020-10-28,1214.9324298990607,1214.9324298990607
2020-10-29,1222.2219928105194,1222.2219928105194
2020-10-30,1203.0442868984126,1203.0442868984126
2020-11-02,1210.9695836157798,1210.9695836157798
2020-11-03,1233.334271390507,1233.334271390507
2020-11-04,1247.7686108790267,1247.7686108790267
2020-11-05,1278.7205956247449,1278.7205956247449
2020-11-06,1287.6335226612532,1287.6335226612532
2020-11-09,1283.0970737080602,1283.0970737080602
2020-11-10,1285.6223281539867,1285.6223281539867
2020-11-11,1284.6770464477206,1284.6770464477206
2020-11-12,1284.4146335907624,1284.4146335907624
2020-11-13,1326.4794946243392,1326.4794946243392
2020-11-16,1425.4173812079114,1425.4173812079114
2020-11-17,1427.3081156291482,1427.3081156291482
2020-11-18,1405.6286814522462,1405.6286814522462
2020-11-19,1425.7030046099355,1425.7030046099355
2020-11-20,1410.0302978151135,1410.0302978151135
2020-11-23,1453.209591483013,1453.209591483013
2020-11-24,1447.5372172105983,1447.5372172105983
2020-11-25,1416.033550611244,1416.033550611244
2020-11-26,1442.5137354671692,1442.5137354671692
2020-11-27,1439.0215356213737,1439.0215356213737
2020-11-30,1412.6671743062993,1412.6671743062993
2020-12-01,1446.6709570720277,1446.6709570720277
2020-12-02,1510.7873205846233,1510.7873205846233
2020-12-03,1511.9375665150671,1511.9375665150671
2020-12-04,1539.1759558533827,1539.1759558533827
2020-12-07,1571.0803068268203,1571.0803068268203
2020-12-08,1582.0977454380547,1582.0977454380547
2020-12-09,1633.3241294583866,1633.3241294583866
2020-12-10,1607.597568260391,1607.597568260391
2020-12-11,1620.4246124302808,1620.4246124302808
2020-12-14,1618.4039101200415,1618.4039101200415
2020-12-15,1627.8320154942535,1627.8320154942535
2020-12-16,1657.8460516455705,1657.8460516455705
2020-12-17,1693.0505939990508,1693.0505939990508
2020-12-18,1670.461023677666,1670.461023677666
2020-12-21,1684.7700120800666,1684.7700120800666
2020-12-22,1659.5919520392836,1659.5919520392836
2020-12-23,1686.2958713084563,1686.2958713084563
2020-12-24,1724.9053402734362,1724.9053402734362
2020-12-28,1705.984505479791,1705.984505479791
2020-12-29,1753.9988104051613,1753.9988104051613
2020-12-30,1792.9253550821402,1848.6516495432454
2021-01-04,1848.388053453706,1905.838195844286
2021-01-05,1864.126768345876,1922.066089082913
2021-01-06,1843.5029547212057,1900.8012623186264
2021-01-07,1861.881130106947,1919.7506536840517
2021-01-08,1922.2426329850823,1981.9882652769013
2021-01-11,1904.314542740171,1963.5029482443374
2021-01-12,1889.2488335632945,1947.9689785548435
2021-01-13,1924.193215937885,1983.9994747135065
2021-01-14,1900.1396669852568,1959.1983122877523
2021-01-15,1913.1855017839089,1972.6496274536823
2021-01-18,1942.7915909449528,2003.175909771543
2021-01-19,1968.6630609209305,2029.851496410792
2021-01-20,1970.144289978019,2031.3787638633805
2021-01-21,1991.9854355289172,2053.898758706519
2021-01-22,1973.2800083608174,2034.611944176455
2021-01-25,2025.2214141102027,2088.1677518100623
2021-01-26,1987.069945245459,2048.8304890236395
2021-01-27,1940.0930299616361,2000.3934742401023
2021-01-28,1892.8903666696426,1951.7236949265177
2021-01-29,1846.676822226694,1904.0737774753904
2021-02-01,1911.114550541647,1970.5143085352015
2021-02-02,1945.290647789873,2005.7526403340112
2021-02-03,1943.6171617086875,2004.0271402758508
2021-02-04,1886.4933579759077,1945.1278594444132
2021-02-05,1903.435941710429,1962.5970392290408
2021-02-08,1880.7046174859884,1939.1591978795946
2021-02-09,1880.893733115862,1939.3541914526006
2021-02-10,1876.541616061791,1934.866805322326
2021-02-15,1964.9651097816811,2026.038608465331
2021-02-16,1974.4420731621356,2035.8101273611278
2021-02-17,1974.5918677204513,2035.964577715984
2021-02-18,1952.609165206594,2013.2986261478
2021-02-19,2076.432389812499,2140.9704267448656
2021-02-22,2086.001921548913,2150.8373911333897
2021-02-23,2049.500498497284,2113.201459585097
2021-02-24,1998.5100797655489,2060.626196798987
2021-02-25,2111.892857710832,2177.5330489912467
2021-02-26,2050.6504057863563,2114.387107387299
2021-03-02,2082.0904111448885,2146.804306242204
2021-03-03,2107.2635036968777,2172.759809040148
2021-03-04,2068.4449932314014,2132.734772191067
2021-03-05,2044.0021301058935,2107.532195235787
2021-03-08,2001.549844156928,2063.7604407542176
2021-03-09,1976.5559943650603,2037.9897517987617
2021-03-10,1937.0844041928485,1997.2913367336173
2021-03-11,2019.5476894191058,2082.317680874582
2021-03-12,2063.780288541228,2127.925082821859
2021-03-15,2069.6374820432175,2133.9643250013814
2021-03-16,2086.2828576468046,2151.1270590659174
2021-03-17,2088.9956907557676,2153.924210317978
2021-03-18,2136.060582369148,2202.4519358420916
2021-03-19,2133.3398554684036,2199.646645449627
2021-03-22,2154.2894526041355,2221.2473814716036
2021-03-23,2104.2438652140013,2169.6463165310647
2021-03-24,2082.6506609216713,2147.3819692615093
2021-03-25,2066.4620727358492,2130.690220121666
2021-03-26,2072.3387375909006,2136.749538847517
2021-03-29,2061.9341937698914,2126.0216091861216
2021-03-30,2086.6333420019105,2151.4884368998405
2021-03-31,2068.839682820485,2133.141729211251
2021-04-01,2170.6669655399323,2238.1339273717754
2021-04-02,2202.8688997340237,2271.3367367345013
2021-04-05,2304.3778336112136,2376.0006913846637
2021-04-06,2340.053226169799,2412.784918410395
2021-04-07,2344.7352683247714,2417.612484113834
2021-04-08,2364.4841024826414,2437.9751359883344
2021-04-09,2363.222702353272,2436.6745300131424
2021-04-12,2350.89610868399,2423.964810863165
2021-04-13,2333.602521710745,2406.1337182334637
2021-04-14,2320.583201972364,2392.709742248035
2021-04-15,2308.812999986241,2380.5737081095103
2021-04-16,2315.393897642679,2387.359148046296
2021-04-19,2333.5840981450765,2406.114722041031
2021-04-20,2359.3942854075603,2432.7271212257283
2021-04-21,2321.0474758271844,2393.188446297326
2021-04-22,2348.243115227866,2421.229359152926
2021-04-23,2397.593706462596,2472.1138266146727
2021-04-26,2462.1781300289426,2538.7056123922
2021-04-27,2477.9806364208303,2554.999279847721
2021-04-28,2357.7312515466388,2431.0123982555147
2021-04-29,2315.4749613316153,2387.4427312929975
2021-04-30,2326.8803767175214,2399.202640821364
2021-05-03,2328.828361727434,2401.2111715678634
2021-05-04,2330.912681123286,2403.3602741383606
2021-05-06,2288.398820579566,2359.5250312489547
2021-05-07,2291.058295383732,2362.2671657553938
2021-05-10,2294.6331419176827,2365.9531228551245
2021-05-11,2209.104808302617,2277.7664649041963
2021-05-12,2191.1314911952973,2259.23451530349
2021-05-13,2125.821190289558,2191.894291038532
2021-05-14,2212.858125946739,2281.6364402126487
2021-05-17,2198.78979501936,2267.130848498248
2021-05-18,2254.1810374981865,2324.2437179707426
2021-05-20,2263.229267521261,2333.5731779564526
2021-05-21,2268.8731238920195,2339.392452227974
2021-05-24,2208.023749865188,2276.651805859446
2021-05-25,2223.548587989771,2292.659174781164
2021-05-26,2212.1710228085203,2280.9279810755893
2021-05-27,2269.0721010987586,2339.5976138876144
2021-05-28,2261.5549787715017,2331.8468502818064
2021-05-31,2260.854623249299,2331.1247268605957
2021-06-01,2261.3472162765024,2331.632630276492
2021-06-02,2267.067672703009,2337.530885426393
2021-06-03,2347.274831674827,2420.2309801727442
2021-06-04,2316.909821478124,2388.922188633031
2021-06-07,2319.8289630208833,2391.9320606352176
2021-06-08,2300.091625418226,2371.5812626428087
2021-06-09,2246.592114839654,2316.4189223922845
2021-06-10,2261.2504430655104,2331.532849236737
2021-06-11,2287.80315967461,2358.9108564806684
2021-06-14,2269.114445732944,2339.641274644385
2021-06-15,2286.2265436115795,2357.285237278309
2021-06-16,2308.7315117580947,2380.4896871284077
2021-06-17,2283.5814428359317,2354.5579235626274
2021-06-18,2269.0780717028374,2339.6037700653087
2021-06-21,2225.672466787907,2294.849066308145
2021-06-22,2230.0488825436196,2299.3615063731772
2021-06-23,2230.277802286682,2299.5975412194834
2021-06-24,2261.673634235011,2331.9691937010234
2021-06-25,2280.2935499179744,2351.1678389452863
2021-06-28,2269.404462067078,2339.940305037909
2021-06-29,2261.8657754672868,2332.1673069158232
2021-06-30,2292.223333407413,2363.468414573787
2021-07-01,2274.476491137907,2345.169978923518
2021-07-02,2301.732470344346,2373.273107019217
2021-07-05,2291.5790914119125,2362.8041487557425
2021-07-06,2312.848043724956,2384.7341659012486
2021-07-07,2302.8272231288915,2374.4018860480014
2021-07-08,2258.1276294379877,2328.3129747743824
2021-07-09,2242.9460693102865,2312.65955334601
2021-07-12,2240.3942394416413,2310.0284095102375
2021-07-13,2262.2830985216965,2332.5976008768853
2021-07-14,2255.0470130096614,2325.1366090513516
2021-07-15,2279.5076020875244,2350.357462903083
2021-07-16,2252.8882721121277,2322.910771868643
2021-07-19,2285.2017142168384,2356.228554943085
2021-07-20,2302.401540530591,2373.962972718285
2021-07-21,2283.9311360112556,2354.91848562594
2021-07-22,2351.7607126128096,2424.856287730667
2021-07-23,2365.202935936877,2438.716311658115
2021-07-26,2308.209812248599,2379.951772565448
2021-07-27,2294.789126924407,2366.113956065033
2021-07-28,2292.186304680898,2363.430234949544
2021-07-29,2261.3761549122373,2331.66246836012
2021-07-30,2241.835674860431,2311.5146464899876
2021-08-02,2288.550586570103,2359.6815143105364
2021-08-03,2334.8136916436038,2407.3825327967193
2021-08-04,2349.414722829648,2422.437381739873
2021-08-05,2336.317966913131,2408.933562765979
2021-08-06,2309.3085769678114,2381.0846882246938
2021-08-09,2309.8274244548434,2381.619662120871
2021-08-10,2252.906859324999,2322.929936794632
2021-08-11,2169.4622879861677,2236.8918069786296
2021-08-12,2133.069662344783,2199.368054396039
2021-08-13,2079.4148405807964,2144.0455757000987
2021-08-17,2058.824116721977,2122.814867171716
2021-08-18,2080.471338995729,2145.134911367068
2021-08-19,2021.586292348646,2084.4196460555495
2021-08-20,2026.0634234898157,2089.0359318623646
2021-08-23,2057.872152690181,2121.833314943288
2021-08-24,2117.7384839887204,2183.5603644233133
2021-08-25,2118.305455536282,2184.144958134185
2021-08-26,2111.031073539044,2176.6444795222433
2021-08-27,2097.656090438142,2162.8537857256447
2021-08-30,2097.4113270044563,2162.6014147475953
2021-08-31,2141.0971380839474,2207.645033816743
2021-09-01,2144.517770810184,2211.171983956588
2021-09-02,2122.9897432293988,2188.9748391698167
2021-09-03,2132.939602255302,2199.2339518812414
2021-09-06,2117.2026091902194,2183.0078339861757
2021-09-07,2084.614397252822,2149.406740899412
2021-09-08,2092.2810319670666,2157.3116639185214
2021-09-09,2053.669366231237,2117.4999007841416
2021-09-10,2070.080860633123,2134.421484335581
2021-09-13,2083.1152196723547,2147.8609670615706
2021-09-14,2094.6347150535194,2159.738502329803
2021-09-15,2101.481302202737,2166.7978897110265
2021-09-16,2062.559772147102,2126.6666312979846
2021-09-17,2106.2652987219503,2171.730578643995
2021-09-23,2097.1198011834745,2162.300827950541
2021-09-24,2085.1808960881176,2149.9908472055477
2021-09-27,2104.715977122926,2170.1331022506856
2021-09-28,2068.3844499129964,2132.672347112899
2021-09-29,1997.5852100906043,2059.6725810528797
2021-09-30,2021.6821110700928,2084.5184429390656
2021-10-01,1980.8795374465133,2042.447675842694
2021-10-05,1926.3938183282098,1986.2684744949688
2021-10-06,1875.9930513856796,1934.3011905907906
2021-10-07,1933.1985803394728,1993.2847367622255
2021-10-08,1903.44484587629,1962.6062201471739
2021-10-12,1836.027556442672,1893.093519595576
2021-10-13,1837.5283258730453,1894.6409347599495
2021-10-14,1879.0275953952912,1937.430051908457
2021-10-15,1964.1382948063792,2025.1860950778498
2021-10-18,1950.9652901914972,2011.6036575035723
2021-10-19,1947.387007029536,2007.914156961265
2021-10-20,1938.2808219258793,1998.5249405807815
2021-10-21,1923.5755902396877,1983.362652459563
2021-10-22,1948.6412465429194,2009.2073797598416
2021-10-25,1958.9153145788307,2019.8007782905
2021-10-26,2002.180284382801,2064.410475826895
2021-10-27,1987.7927272544384,2049.5757359740323
2021-10-28,2048.066720087995,2111.723117603987
2021-10-29,2008.248645637167,2070.667449108638
2021-11-01,2015.487865800574,2078.1316730143094
2021-11-02,2041.8125889647972,2105.274600500591
2021-11-03,2004.7016982017585,2067.0102582452673
2021-11-04,2018.3727198895322,2081.1061918670475
2021-11-05,2040.2500196213525,2103.6634646068983
2021-11-08,2047.2231964579537,2110.853376236515
2021-11-09,2056.8433093180693,2120.7724938714096
2021-11-10,2031.4683526332874,2094.6088527586085
2021-11-11,2014.7550401531344,2077.3760702569907
2021-11-12,2038.7415864284785,2102.108147480991
2021-11-15,2123.231331066172,2189.2239358495503
2021-11-16,2132.9114553180057,2199.2049301029983
2021-11-17,2116.6280845918045,2182.41545246647
2021-11-18,2122.6806670953147,2188.656156574644
2021-11-19,2153.5236547611325,2220.457781702893
2021-11-22,2299.604776353657,2371.0792817188685
2021-11-23,2272.2914447220496,2342.917018615071
2021-11-24,2236.2910444791814,2305.797682272066
2021-11-25,2189.503316801618,2257.555735275034
2021-11-26,2147.3863358927433,2214.1297075208527
2021-11-29,2136.574283484886,2202.9816034115115
2021-11-30,2101.490490804331,2166.8073639055
2021-12-01,2191.985781044684,2260.1153575174585
2021-12-02,2266.1788508268214,2336.614437888343
2021-12-03,2256.7697713983516,2326.912912860087
2021-12-06,2285.519293908457,2356.5560053966706
2021-12-07,2315.3662844899272,2387.330676643265
2021-12-08,2277.9846812999185,2348.7872078904265
2021-12-09,2307.989460646288,2379.7245721680965
2021-12-10,2267.871069916855,2338.3592531999857
2021-12-13,2299.0390721335166,2370.4959947254906
2021-12-14,2300.272437415217,2371.767694495948
2021-12-15,2318.268628786489,2390.323229320471
2021-12-16,2314.9664251483596,2386.91838918842
2021-12-17,2283.3877667536613,2354.358227792829
2021-12-20,2259.77567820622,2330.0122468970494
2021-12-21,2311.607239992487,2383.4547964839476
2021-12-22,2338.0901336429065,2410.7608105869626
2021-12-23,2353.5674102100165,2426.71913968032
2021-12-24,2362.6708970065574,2436.10557388703
2021-12-27,2357.6971805873495,2430.977268329486
2021-12-28,2373.342710272982,2447.1090800523434
2021-12-29,2358.435248883318,2431.738276683208
2021-12-30,2396.3823141791627,2508.6531293427042
2022-01-03,2390.0437437542446,2502.0175960899574
2022-01-04,2372.089138853498,2483.2218156738436
2022-01-05,2314.034807272147,2422.4476312994525
2022-01-06,2284.707935229216,2391.746791584095
2022-01-07,2332.306997277703,2441.57587572279
2022-01-10,2297.989647503632,2405.6507537620396
2022-01-11,2311.586997189927,2419.8851410046173
2022-01-12,2332.7063729785336,2441.9939622258257
2022-01-13,2342.610070712511,2452.361649453945
2022-01-14,2355.9007088441467,2466.2749556666517
2022-01-17,2350.8028584554972,2460.9382703411356
2022-01-18,2328.905348368707,2438.0148591312445
2022-01-19,2303.722361949629,2411.65204660646
2022-01-20,2325.2653197761347,2434.204294737732
2022-01-21,2259.137962262097,2364.9788621424423
2022-01-24,2258.3598279639136,2364.1642721537596
2022-01-25,2237.970871705885,2342.820090710719
2022-01-26,2225.738679669496,2330.0148189269803
2022-01-27,2173.6022648884646,2275.4358065051065
2022-01-28,2261.1799160828364,2367.1164817585036
2022-02-03,2279.5323810817745,2386.328762068838
2022-02-04,2309.8073092973627,2418.0220745087086
2022-02-07,2298.2955170779173,2405.9709533646487
2022-02-08,2282.1687777787884,2389.0886742852726
2022-02-09,2298.7961757979087,2406.4950680091306
2022-02-10,2328.7452676477064,2437.847278608174
2022-02-11,2312.454047256623,2420.7928124768373
2022-02-14,2260.173044993771,2366.0624386312925
2022-02-15,2207.779388700014,2311.214132899216
2022-02-16,2271.50320974328,2377.9234230354277
2022-02-17,2288.023539881788,2395.217732734896
2022-02-18,2275.548568998466,2382.1583078844733
2022-02-21,2264.210645706884,2370.289201449585
2022-02-22,2238.441601402665,2343.3128741534574
2022-02-23,2256.74475584057,2362.4735336967246
2022-02-24,2179.525372038763,2281.6364119761565
2022-02-25,2189.8427034551264,2292.4371116771104
2022-02-28,2196.036857439308,2298.921462560567
2022-03-02,2198.0879721236,2301.068672227799
2022-03-03,2249.60619886433,2355.0005344213273
2022-03-04,2203.5253549046197,2306.7607970813037
2022-03-07,2143.494320852893,2243.91730147525
2022-03-08,2110.933202446633,2209.830690544497
2022-03-10,2161.0287971686407,2262.273270228906
2022-03-11,2122.4114934797058,2221.8467409673563
2022-03-14,2098.777110762295,2197.1050844239494
2022-03-15,2054.665866220933,2150.927222484673
2022-03-16,2093.801481837796,2191.896346653671
2022-03-17,2164.4018409834644,2265.8043415739917
2022-03-18,2176.928663800047,2278.918047627321
2022-03-21,2157.073779812665,2258.1329598085003
2022-03-22,2171.0120619770278,2272.7242522589568
2022-03-23,2173.069315016684,2274.87788786428
2022-03-24,2153.951982702166,2254.8649061076826
2022-03-25,2162.611459399358,2263.9300803857373
2022-03-28,2163.791577306495,2265.1654869664053
2022-03-29,2196.0217927231506,2298.9056920605485
2022-03-30,2188.8094991566995,2291.3555016263426
2022-03-31,2174.9110451349766,2276.805903272057
2022-04-01,2158.142040707079,2259.251268861222
2022-04-04,2166.012229661114,2267.4901771653085
2022-04-05,2161.8848892301544,2263.1694703120133
2022-04-06,2106.176211941442,2204.850834431185
2022-04-07,2110.2410411969427,2209.1061014525276
2022-04-08,2098.9008728283834,2197.234644758522
2022-04-11,2076.228550344529,2173.5001210925557
2022-04-12,2039.0119610371687,2134.5399298588995
2022-04-13,2089.6940986787013,2187.5965320729574
2022-04-14,2093.7477079796317,2191.8400534834363
2022-04-15,2059.651868893273,2156.146820014194
2022-04-18,2062.7389592505656,2159.378540946018
2022-04-19,2098.8399645035774,2197.1708828709775
2022-04-20,2093.693211057437,2191.783003373528
2022-04-21,2101.96712612719,2200.4445524130274
2022-04-22,2062.7437678025244,2159.383574779245
2022-04-25,2013.2060655270914,2107.5250248732464
2022-04-26,2023.4466783478297,2118.245411702646
2022-04-27,1986.2445146963444,2079.300321968671
2022-04-28,1975.8917023299098,2068.462479030638
2022-04-29,2027.6814097725266,2122.678540831347
2022-05-02,2001.920394080727,2095.710618289148
2022-05-03,2002.9814812128807,2096.821417487937
2022-05-04,1999.4668850659407,2093.142162066034
2022-05-06,1953.5165595813007,2045.0390580081812
2022-05-09,1925.1605000244558,2015.3545134669346
2022-05-10,1951.9050837517566,2043.3520843317665
2022-05-11,1961.5943277034607,2053.495270590731
2022-05-12,1922.3954414140271,2012.4599115101328
2022-05-13,1966.119634440437,2058.2325885219225
2022-05-16,1960.8746641221708,2052.741890679439
2022-05-17,1994.7451570733813,2088.1992205185384
2022-05-18,2030.1599841397756,2125.2732367218637
2022-05-19,1997.9604161890004,2091.565114931262
2022-05-20,2009.792369578978,2103.951396837274
2022-05-23,2022.9287692237094,2117.7032384704153
2022-05-24,1964.0224827838767,2056.0371850444362
2022-05-25,1957.7803945251994,2049.502654159648
2022-05-26,1913.6139922766206,2003.2670503675804
2022-05-27,1937.7576747774358,2028.5418674537984
2022-05-30,1960.133117868681,2051.965602889982
2022-05-31,1961.0172375734658,2052.891143714999
2022-06-02,1943.587427769166,2034.6447451121192
2022-06-03,1968.9761073538436,2061.2228875533838
2022-06-07,1931.1721132081132,2021.6477714902258
2022-06-08,1934.8452819185268,2025.4930286203007
2022-06-09,1939.6352168443577,2030.5073726045366
2022-06-10,1900.3530324623296,1989.384812905148
2022-06-13,1818.4802271670148,1903.6762563042744
2022-06-14,1808.1750289880677,1892.8882582844476
2022-06-15,1784.19664108498,1867.7864798688117
2022-06-16,1778.6804724753422,1862.0118780606315
2022-06-17,1764.0470433280038,1846.6928709029362
2022-06-20,1699.56320772121,1779.187959424563
2022-06-21,1715.1709555213483,1795.526932187438
2022-06-22,1641.5260143466226,1718.4317161840943
2022-06-23,1627.4166455278332,1703.6613216477658
2022-06-24,1661.2534435772689,1739.083377974671
2022-06-27,1727.9910952274672,1808.947697063756
2022-06-28,1746.7880508355443,1828.6252924246076
2022-06-29,1720.7353346190434,1801.3520031511516
2022-06-30,1668.3021044764205,1746.4622695303738
2022-07-01,1628.1059061329656,1704.382874199613
2022-07-04,1644.4246932807891,1721.4661985937375
2022-07-05,1690.9118361683966,1770.1312700179287
2022-07-06,1660.6354892319935,1738.4364723899928
2022-07-07,1706.8869750966144,1786.8548462298008
2022-07-08,1721.6982221590654,1802.3600020944705
2022-07-11,1758.3999477142931,1840.781208143947
2022-07-12,1729.083568491422,1810.0913528385993
2022-07-13,1757.0404255147848,1839.3579921570708
2022-07-14,1754.4778994549886,1836.67541142657
2022-07-15,1787.25559344649,1870.9887445361842
2022-07-18,1826.356475307018,1911.9215076679602
2022-07-19,1803.8928790047003,1888.405489031592
2022-07-20,1816.831596453101,1901.9503870324477
2022-07-21,1854.7602926293705,1941.656047432082
2022-07-22,1848.0043750003995,1934.5836142058733
2022-07-25,1830.4232520182798,1916.1788133836135
2022-07-26,1830.3097990897134,1916.0600451709633
2022-07-27,1830.431088489411,1916.1870169944102
2022-07-28,1818.7506171854432,1903.9593141293383
2022-07-29,1795.7735561212219,1879.905774841889
2022-08-01,1785.4173780772396,1869.0644085438887
2022-08-02,1776.6168099138688,1859.8515326465817
2022-08-03,1787.8872093469872,1871.649951721678
2022-08-04,1787.5636354882984,1871.3112183866963
2022-08-05,1807.1596993753215,1891.8253603506503
2022-08-08,1775.7239216305384,1858.9168124340028
2022-08-09,1740.492362752507,1822.0346505568946
2022-08-10,1686.9272073735594,1765.9599608589974
2022-08-11,1710.5406016836973,1790.6796456855905
2022-08-12,1724.6360606739975,1805.4354787162022
2022-08-16,1762.1526647241453,1844.7097404213728
2022-08-17,1754.3621093381491,1836.5541965280806
2022-08-18,1756.3284859687337,1838.6126981530488
2022-08-19,1743.6493751433056,1825.3395693783575
2022-08-22,1711.9444077588498,1792.1492202532984
2022-08-23,1686.757514293636,1765.7823176367713
2022-08-24,1678.8565553638891,1757.51119777971
2022-08-25,1697.8280277039012,1777.371486003508
2022-08-26,1709.0875201530189,1789.1584871010205
2022-08-29,1652.7758807119912,1730.208640214615
2022-08-30,1670.2073170512956,1748.4567415558704
2022-08-31,1697.8489487685495,1777.3933872226864
2022-09-01,1652.4857700076705,1729.9049377870247
2022-09-02,1648.5244589092902,1725.7580387615844
2022-09-05,1631.8708891621548,1708.3242471609362
2022-09-06,1649.918754600638,1727.2176573828003
2022-09-07,1635.6347028389926,1712.2643959856016
2022-09-08,1634.1208952126162,1710.6796662800527
2022-09-13,1705.159077521708,1785.0459964344977
2022-09-14,1663.4781330696599,1741.4122944517628
2022-09-15,1663.6934936378848,1741.6377446899062
2022-09-16,1660.8108620867695,1738.6200614852442
2022-09-19,1678.619826262978,1757.2633778904149
2022-09-20,1663.209775287877,1741.1313640738883
2022-09-21,1642.2694390238119,1719.2099704016398
2022-09-22,1623.9923889897382,1700.0766382568322
2022-09-23,1616.8934903960621,1692.6451553642487
2022-09-26,1563.607596816175,1636.8628109160948
2022-09-27,1561.1695104288744,1634.3104998725191
2022-09-28,1523.1721635126105,1594.5329724370204
2022-09-29,1506.363893397153,1576.937232736186
2022-09-30,1504.1451523309768,1574.6145433698312
2022-10-04,1605.1299174508924,1680.3304575355512
2022-10-05,1622.8037985038204,1698.832362155994
2022-10-06,1653.5780529095307,1731.0483942812841
2022-10-07,1649.0788277836514,1726.3383798879752
2022-10-11,1621.6904133420203,1697.6668147582402
2022-10-12,1648.4445601738603,1725.674396760271
2022-10-13,1625.341881341405,1701.489354496224
2022-10-14,1671.401327084111,1749.706691110064
2022-10-17,1679.3105631863339,1757.986475926181
2022-10-18,1675.1403675467789,1753.6209060923356
2022-10-19,1630.4542402600691,1706.841228078225
2022-10-20,1590.8366856603823,1665.3675860239719
2022-10-21,1596.5076354069834,1671.3042204850008
2022-10-24,1651.61349377657,1728.9917953039342
2022-10-25,1679.6956542351356,1758.3896085394301
2022-10-26,1687.16221912845,1766.2059829443922
2022-10-27,1664.6354684468647,1742.6238511380827
2022-10-28,1583.1720703262613,1657.3438824899486
2022-10-31,1608.3318161972554,1683.6823656440258
2022-11-01,1623.62890321568,1699.6961231281873
2022-11-02,1614.2880091985392,1689.9176070423741
2022-11-03,1599.2142265623102,1674.1376157790182
2022-11-04,1607.8634681013552,1683.192075380469
2022-11-07,1637.059932939209,1713.7563982966622
2022-11-08,1673.0036127015887,1751.3840440118126
2022-11-09,1686.6707289473386,1765.6914663859986
2022-11-10,1660.041274130737,1737.814418235925
2022-11-11,1731.4164395113792,1812.5335191615354
2022-11-14,1717.3783075190674,1797.8376989060343
2022-11-15,1749.4443848167443,1831.40607598952
2022-11-16,1756.1349715530282,1838.4101175624385
2022-11-17,1708.6524535303533,1788.7030375519369
2022-11-18,1721.3402859383946,1801.9852965164923
2022-11-21,1708.9749531030066,1789.040646270446
2022-11-22,1678.5814135802198,1757.2231655686
2022-11-23,1686.8116459628604,1765.838985381559
2022-11-24,1715.1051780306411,1795.4580730129535
2022-11-25,1693.1031206768218,1772.4252164833215
2022-11-28,1667.6226600079663,1745.750993002452
2022-11-29,1708.2896369254684,1788.323222943126
2022-11-30,1721.7758676328426,1802.4412852685361
2022-12-01,1721.1674252870073,1801.8043373216776
2022-12-02,1674.2367214219255,1752.6749240319955
2022-12-05,1669.3019875090108,1747.5089972097774
2022-12-06,1637.918568493277,1714.6552610352715
2022-12-07,1614.4710187310172,1690.1091905946455
2022-12-08,1610.1955997128164,1685.6334676535275
2022-12-09,1660.9011961590256,1738.714627720235
2022-12-12,1637.127952560097,1713.8276046454102
2022-12-13,1647.7068557319433,1724.9021307717458
2022-12-14,1666.4600985657157,1744.5339654092759
2022-12-15,1640.3203119808784,1717.1695265096905
2022-12-16,1627.804906412123,1704.0677726036968
2022-12-19,1629.751079450008,1706.1051240950865
2022-12-20,1603.9642780969216,1679.1102078301008
2022-12-21,1594.2897802783532,1668.9824585624785
2022-12-22,1618.9233921809252,1694.7701583050252
2022-12-23,1581.0799727383219,1655.1537698648385
2022-12-26,1571.6827187815852,1645.3162533691159
2022-12-27,1577.7756415108968,1651.6946303005807
2022-12-28,1542.3143423392416,1614.5719647679728
2022-12-29,1506.5610613046922,1608.4657949954465
2023-01-02,1504.6377285129824,1606.4123667691924
2023-01-03,1522.1952033609093,1625.1574402114375
2023-01-04,1619.283662853033,1728.8130239065606
2023-01-05,1612.676984045327,1721.7594652067796
2023-01-06,1644.368641969791,1755.594766720581
2023-01-09,1683.720608553702,1797.6085249689256
2023-01-10,1699.442768240499,1814.3941413831512
2023-01-11,1705.727945080919,1821.1044515212338
2023-01-12,1700.212993417273,1815.2164650732466
2023-01-13,1697.7369993524278,1812.5729932192307
2023-01-16,1705.4740902949347,1820.833425838546
2023-01-17,1705.9005325169524,1821.2887128795262
2023-01-18,1698.6830700827927,1813.5830567662872
2023-01-19,1711.4424152029362,1827.2054519810683
2023-01-20,1719.6478914757583,1835.9659518077738
2023-01-25,1786.5795118026324,1907.4248688503842
2023-01-26,1801.085832749544,1922.9124064309233
2023-01-27,1802.9913654858533,1924.9468305948822
2023-01-30,1788.7384085451924,1909.7297947206494
2023-01-31,1766.2942512480686,1885.767500567993
2023-02-01,1792.653170826412,1913.909353974243
2023-02-02,1832.4421066514094,1956.389638336799
2023-02-03,1831.2845025270233,1955.1537331444742
2023-02-06,1806.3348087953486,1928.516426503708
2023-02-07,1839.7827436707591,1964.22680064131
2023-02-08,1876.4478871961855,2003.371997436835
2023-02-09,1879.4021403889476,2006.5260781656962
2023-02-10,1877.9331584306233,2004.957733347741
2023-02-13,1864.579547703664,1990.700876028332
2023-02-14,1878.1678686893488,2005.208319555357
2023-02-15,1873.9167881301998,2000.6696932448908
2023-02-16,1889.8525538100125,2017.6833640952734
2023-02-17,1847.1777970642602,1972.1220600775987
2023-02-20,1854.3685520744125,1979.7992022599444
2023-02-21,1844.7451820137328,1969.5249014215956
2023-02-22,1824.351517916863,1947.7517971134075
2023-02-23,1867.965012352734,1994.3153356264577
2023-02-24,1854.7638244912107,1980.2212111505598
2023-02-27,1848.982938222983,1974.0493021147915
2023-02-28,1842.2166131131462,1966.8252985370234
2023-03-02,1824.2256083339212,1947.617370927423
2023-03-03,1811.035556763768,1933.5351360086179
2023-03-06,1848.8535387991258,1973.9111500328668
2023-03-07,1849.6846257731252,1974.7984522502668
2023-03-08,1828.845572299516,1952.5498321489656
2023-03-09,1804.2063504640062,1926.243997917858
2023-03-10,1757.8886834554555,1876.7933749057877
2023-03-13,1767.078717724715,1886.6050288484023
2023-03-14,1704.7305125492994,1820.0395520285203
2023-03-15,1695.393589687726,1810.0710738572168
2023-03-16,1716.6367337911056,1832.7511175315533
2023-03-17,1813.2582567343675,1935.9081807972243
2023-03-20,1802.5341011729015,1924.4586366374342
2023-03-21,1790.821128315262,1911.9533909602974
2023-03-22,1837.5195970457476,1961.8105733612565
2023-03-23,1867.9240293083183,1994.2715804632517
2023-03-24,2005.4141631895668,2141.0616331052715
2023-03-27,2011.5148924522348,2147.5750195159303
2023-03-28,2056.99824177021,2196.134891066332
2023-03-29,2042.6915320443707,2180.860466534868
2023-03-30,2070.5120649376827,2210.5627976960664
2023-03-31,2053.84845167107,2192.7720471922885
2023-04-03,2035.1871258005044,2172.8484575529314
2023-04-04,1958.695253074445,2091.182626651618
2023-04-05,1976.2352212963638,2109.9090093087084
2023-04-06,1958.7616662711384,2091.253532078528
2023-04-07,2055.489652545914,2194.5242599221306
2023-04-10,2059.2974774758586,2198.5896485150383
2023-04-11,2112.96581974064,2255.8881510611304
2023-04-12,2071.605381665566,2211.730067052128
2023-04-13,2058.558428183383,2197.8006094655807
2023-04-14,2038.556717140116,2176.4459701610067
2023-04-17,2041.9567488440207,2180.075982138679
2023-04-18,2034.66061125359,2172.2863292323277
2023-04-19,2050.246654633758,2188.9266223477
2023-04-20,2071.705406419123,2211.836857542658
2023-04-21,2102.027485253483,2244.2099407789833
2023-04-24,2037.7293868910597,2175.562678775778
2023-04-25,2013.301884221783,2149.4828845278994
2023-04-26,2070.7561836566224,2210.823428758038
2023-04-27,2084.9953350111605,2226.025725227657
2023-04-28,2067.135044602749,2206.957353590774
2023-05-02,2101.972005936732,2244.1507088065023
2023-05-03,2159.106793102112,2305.150128757177
2023-05-04,2100.4569805656383,2242.533206170503
2023-05-08,2103.056348123857,2245.308396578248
2023-05-09,2083.682190027437,2224.6237582948597
2023-05-10,2058.813411852985,2198.0728403902813
2023-05-11,2032.5409549136364,2170.0232980100755
2023-05-12,2035.551379450421,2173.2373495478473
2023-05-15,2010.2753897032162,2146.251676024713
2023-05-16,2058.752102984586,2198.007384551628
2023-05-17,2080.0215327219357,2220.715491836678
2023-05-18,2140.975546227546,2285.7924729890783
2023-05-19,2337.538957814847,2495.6515568366217
2023-05-22,2352.056801505349,2511.1513965663444
2023-05-23,2362.5117309750867,2522.313504012955
2023-05-24,2360.4582103206353,2520.1210819353914
2023-05-25,2433.5099444652205,2598.1140811271466
2023-05-26,2491.0462901683877,2659.5422212865856
2023-05-30,2523.422568206741,2694.108451047532
2023-05-31,2479.7296834317067,2647.460152183058
2023-06-01,2481.647695788444,2649.507900096786
2023-06-02,2475.78963203954,2643.253593247215
2023-06-05,2440.4420580686074,2605.515087235996
2023-06-07,2422.3867886767616,2586.238548115131
2023-06-08,2454.8355592606576,2620.8821738628003
2023-06-09,2540.5619882040714,2712.407192147274
2023-06-12,2521.431416488916,2691.982616580528
2023-06-13,2567.7204858443424,2741.402707576307
2023-06-14,2558.571427376478,2731.6348010639554
2023-06-15,2645.888714651256,2824.858284333624
2023-06-16,2647.111010492399,2826.163257030941
2023-06-19,2617.0336599521197,2794.0514556637722
2023-06-20,2680.525006270465,2861.837396409399
2023-06-21,2607.6474912243307,2784.030400605021
2023-06-22,2604.3850617382295,2780.5472983453396
2023-06-23,2647.1484461361642,2826.2032248450946
2023-06-26,2665.629871562131,2845.9347454611147
2023-06-27,2646.6111757789886,2825.6296131844865
2023-06-28,2647.4200103853163,2826.4931578701294
2023-06-29,2670.448065699707,2851.0788452676143
2023-06-30,2659.278466237496,2839.1537271026673
2023-07-03,2719.9820933298915,2903.9633855480542
2023-07-04,2731.845721473558,2916.629476929115
2023-07-05,2688.421876343449,2870.268415719639
2023-07-06,2617.671064409225,2794.731974557538
2023-07-07,2583.908550596113,2758.6857431658786
2023-07-10,2554.324653265943,2727.100772492983
2023-07-11,2649.4697221866404,2828.681513461354
2023-07-12,2704.596746643153,2887.5373643761445
2023-07-13,2969.186028928124,3170.0236314174635
2023-07-14,3179.906587495224,3394.997460532623
2023-07-17,3250.533005254325,3470.401093419692
2023-07-18,3240.396164733272,3459.5785906574624
2023-07-19,3059.4408801793893,3266.383377330677
2023-07-20,3116.900408779893,3327.7295044305206
2023-07-21,3066.8029597442874,3274.243432567946
2023-07-24,3123.1529164862477,3334.40493567385
2023-07-25,3087.5114913839993,3296.3527022567646
2023-07-26,3009.6561547748047,3213.2311819213733
2023-07-27,3179.024643373906,3394.0558611586093
2023-07-28,3232.3330642883957,3450.97009704887
2023-07-31,3225.8514173724575,3444.050027476319
2023-08-01,3396.849273174269,3626.6142853342694
2023-08-02,3218.658018122794,3436.3700621964454
2023-08-03,3207.3525483907047,3424.299883411475
2023-08-04,3149.3823805319275,3362.4085770941338
2023-08-07,3174.058902402508,3388.7542343580435
2023-08-08,3141.5093488154994,3354.0030085818144
2023-08-09,3139.86980406803,3352.2525640008394
2023-08-10,3127.145045529247,3338.667094825442
2023-08-11,3113.6143205475382,3324.221143132172
2023-08-14,3057.9381996153415,3264.779054512203
2023-08-16,3116.9642946137897,3327.7977115422314
2023-08-17,3116.452200529475,3327.2509790933473
2023-08-18,3329.0097652081963,3554.186070563968
2023-08-21,3367.8224518408533,3595.624071627424
2023-08-22,3283.7607634122273,3505.8763979487244
2023-08-23,3313.08752049443,3537.186835246243
2023-08-24,3341.2873615469266,3567.2941312080598
2023-08-25,3260.9369159572234,3481.508731158123
2023-08-28,3264.016072102334,3484.7961633532514
2023-08-29,3294.7923573806484,3517.654175841853
2023-08-30,3345.791596187778,3572.1030351008553
2023-08-31,3423.087439651462,3654.6272178239833
2023-09-01,3441.5373465488665,3674.3250879784305
2023-09-04,3430.889273840413,3662.956772963478
2023-09-05,3436.5670053700183,3669.018549809502
2023-09-06,3388.2654085311565,3617.4498027109357
2023-09-07,3393.6385584571794,3623.186395862962
2023-09-08,3285.065144761905,3507.26900846978
2023-09-11,3296.5185169889924,3519.497093967136
2023-09-12,3289.550221861036,3512.057458992736
2023-09-13,3319.139683775686,3543.6483706420913
2023-09-14,3381.243028126962,3609.9524240983415
2023-09-15,3393.875533465465,3623.4394000092175
2023-09-18,3257.673249119181,3478.0243078512403
2023-09-19,3238.4297078335726,3457.4791213815474
2023-09-20,3226.651712814926,3444.9044554037123
2023-09-21,3176.4543529544903,3391.3117146855457
2023-09-22,3209.050993272703,3426.113212168966
2023-09-25,3215.810059879979,3433.329466274514
2023-09-26,3195.561866065888,3411.7116719501346
2023-09-27,3234.666150546287,3453.4609947223717
2023-10-04,3256.4010967415766,3476.6661062901126
2023-10-05,3267.9885337732576,3489.0373248194046
2023-10-06,3258.368818331846,3478.7669258010596
2023-10-10,3188.0209734663636,3403.6607086525933
2023-10-11,3250.600069321203,3470.4726937420537
2023-10-12,3393.5071769482465,3623.0461276264864
2023-10-13,3416.1633867062833,3647.2348176013124
2023-10-16,3421.859706112672,3653.316439619746
2023-10-17,3519.8833623775276,3757.970477382988
2023-10-18,3529.642444811511,3768.389670264562
2023-10-19,3478.444245487495,3713.72839267471
2023-10-20,3467.440386491195,3701.9802257645856
2023-10-23,3377.3743562346804,3605.822072816459
2023-10-24,3470.029906377951,3704.7449023982035
2023-10-25,3486.6710791101536,3722.51169447577
2023-10-26,3368.749405775091,3596.6137253062916
2023-10-27,3351.9288824160144,3578.6554512131283
2023-10-30,3347.825946403744,3574.2749900394692
2023-10-31,3223.6017791465733,3441.64822231197
2023-11-01,3291.7193017840805,3514.3732568401915
2023-11-02,3451.4164601539896,3684.8724310147322
2023-11-03,3436.3179630194018,3668.7526620783237
2023-11-06,3563.9705100536457,3805.039707338087
2023-11-07,3622.2745657120067,3867.2874858348778
2023-11-08,3543.982110082292,3783.6992794746666
2023-11-09,3568.287377401728,3809.6485702970895
2023-11-10,3690.7496719637584,3940.394291156953
2023-11-13,3530.66924422336,3769.485923031675
2023-11-14,3554.817750110259,3795.2678489800905
2023-11-15,3671.691960665404,3920.0475043312304
2023-11-16,3667.0727676974307,3915.115866258071
2023-11-17,3648.101999714601,3894.8619036481846
2023-11-20,3649.141367532006,3895.971574955677
2023-11-21,3646.2794833959942,3892.9161111844123
2023-11-22,3643.860878436861,3890.3339102711598
2023-11-23,3586.15422874199,3828.723946651363
2023-11-24,3577.365708597733,3819.3409655006194
2023-11-27,3573.506610979116,3815.2208361022676
2023-11-28,3641.1241399822866,3887.412057113599
2023-11-29,3621.9208644965775,3866.9098600477273
2023-11-30,3705.8152360242834,3956.478899405545
2023-12-01,3648.605217086271,3895.3991589580223
2023-12-04,3600.6414880219813,3844.1911332218947
2023-12-05,3489.7502025637777,3725.799091768141
2023-12-06,3497.2766998295824,3733.8346860225747
2023-12-07,3514.040791017661,3751.732710837352
2023-12-08,3577.7189038847773,3819.718051138074
2023-12-11,3569.0499294976635,3810.4627018943543
2023-12-12,3596.5412581087758,3839.813561189536
2023-12-13,3580.7787986709645,3822.984919123899
2023-12-14,3648.1328593211633,3894.8948506178626
2023-12-15,3663.5871467591105,3911.3944757365675
2023-12-18,3656.9743983880876,3904.334436924406
2023-12-19,3667.4821702525464,3915.5529610584103
2023-12-20,3722.978768013328,3974.803383447221
2023-12-21,3736.867569091059,3989.631631727898
2023-12-22,3739.997805282492,3992.973599055672
2023-12-26,3733.119906000987,3985.6304743593887
2023-12-27,3834.3816791708773,4093.741657283036
2023-12-28,3856.621300506322,4163.859298466239
2024-01-02,3863.7934685557243,4171.602837770642
2024-01-03,3743.7106285372383,4041.953590142527
2024-01-04,3723.092587568031,4019.6930115385244
2024-01-05,3728.932265924092,4025.9979082676236
2024-01-08,3698.9472409391374,3993.6241242297783
2024-01-09,3695.1303137700143,3989.503121298369
2024-01-10,3635.434972171183,3925.0521462548045
2024-01-11,3664.3415124400535,3956.261528018377
2024-01-12,3605.539844141756,3892.775420819558
2024-01-15,3599.6292238471465,3886.3939305575554
2024-01-16,3486.91042787602,3764.695384046215
2024-01-17,3444.653701898334,3719.0722731221977
2024-01-18,3583.13125094361,3868.5816455216313
2024-01-19,3709.733342476101,4005.2695012785935
2024-01-22,3728.0746907808953,4025.0720143423728
2024-01-23,3713.275561274146,4009.0939111778766
2024-01-24,3731.67293837913,4028.9569165800194
2024-01-25,3664.4332212722056,3956.3605428408737
2024-01-26,3661.290869707353,3952.9678556250865
2024-01-29,3691.445792969499,3985.52507289792
2024-01-30,3700.8651820321893,3995.694858230331
2024-01-31,3638.0875595473153,3927.9160521844983
2024-02-01,3607.1641218467503,3894.5290967182887
2024-02-02,3695.109546876412,3989.4807000087767
2024-02-05,3644.1876965123706,3934.5021569753753
2024-02-06,3743.488032496381,4041.7132609729497
2024-02-07,3740.874005218252,4038.8909870340867
2024-02-08,4145.276194553644,4475.509904261767
2024-02-13,4280.872021263877,4621.907981720525
2024-02-14,4207.87605784592,4543.0967899168445
2024-02-15,4118.921922832791,4447.056117693515
2024-02-16,4096.224609970985,4422.550621860305
2024-02-19,4135.028679933479,4464.446020693074
2024-02-20,4111.3173300693325,4438.84570453083
2024-02-21,4040.7916691560085,4362.70161204867
2024-02-22,4210.4398221297615,4545.864796656566
2024-02-23,4197.990485841626,4532.423683147111
2024-02-26,4280.874179772292,4621.910312186661
2024-02-27,4313.146877167511,4656.75401621278
2024-02-28,4509.853151393576,4869.130909141137
2024-02-29,4386.7946324537115,4736.268924928176
2024-03-04,4725.206117561822,5101.639983992279
2024-03-05,4686.718489838916,5060.086236791616
2024-03-06,4751.199117984045,5129.703718559346
2024-03-07,4710.711726749079,5085.990896550553
2024-03-08,4823.056817021591,5207.285966073406
2024-03-11,4709.546204361093,5084.732522742333
2024-03-12,4731.67908931816,5108.6286254834195
2024-03-13,4761.808441427058,5141.158234475344
2024-03-14,4730.254576639961,5107.090628905917
2024-03-15,4636.770151286386,5006.158760454339
2024-03-18,4711.184906413868,5086.501772105489
2024-03-19,4591.804262547927,4957.610661134126
2024-03-20,4638.9063080334945,5008.465094273857
2024-03-21,4828.518156526843,5213.182383561439
2024-03-22,4818.154758013698,5201.993384201556
2024-03-25,4858.873239438253,5245.9557062155955
2024-03-26,5211.587862425019,5626.769363609347
2024-03-27,5284.1220364081155,5705.081977491461
2024-03-28,5600.0466788266485,6046.1747780151545
2024-03-29,5674.246211542187,6126.285421546289
2024-04-01,5831.045532269315,6295.576170813563
2024-04-02,5954.909140244186,6429.3073815342095
2024-04-03,5850.058035919059,6316.103306858452
2024-04-04,5868.160188587183,6335.647568748913
2024-04-05,5772.245860075885,6232.092218739442
2024-04-08,5711.542656484431,6166.5530903091285
2024-04-09,5714.095273337148,6169.309061556865
2024-04-11,5904.425540351648,6374.8020022259025
2024-04-12,5936.270944627525,6409.184372797293
2024-04-15,5920.679746304799,6392.351100600775
2024-04-16,5690.491912227469,6143.82533708055
2024-04-17,5605.972576687936,6052.572762932224
2024-04-18,5746.623430997537,6204.428577107539
2024-04-19,5519.443102705964,5959.1499125258515
2024-04-22,5339.426890775611,5764.792696840075
2024-04-23,5377.684857918024,5806.098487534494
2024-04-24,5696.634108165306,6150.456851475134
2024-04-25,5461.681305730002,5896.7865180689205
2024-04-26,5557.285827494882,6000.007380556469
2024-04-29,5535.677666285938,5976.677803716552
2024-04-30,5507.597704948192,5946.360850350818
2024-05-02,5485.596373210349,5922.6067810251025
2024-05-03,5431.066250604033,5863.732512496064
2024-05-07,5674.797864538894,6126.881022016462
2024-05-08,5717.955013835309,6173.476288544079
2024-05-09,5664.592510692803,6115.862657962775
2024-05-10,5665.149115417612,6116.463604640807
2024-05-13,5695.6054981261195,6149.346297147281
2024-05-14,5738.195366496899,6195.329090275774
2024-05-16,5848.375267628201,6314.286480717359
2024-05-17,5738.820968656247,6196.004531073656
2024-05-20,5795.401567184457,6257.092626828234
2024-05-21,5788.278071117862,6249.401636963456
2024-05-22,5930.399474173374,6402.84515125045
2024-05-23,5955.904354299432,6430.381879384792
2024-05-24,5903.384176877478,6373.677678459804
2024-05-27,6026.690400614135,6506.807100889025
2024-05-28,6196.873285756859,6690.547617140468
2024-05-29,6227.222939612997,6723.315078233296
2024-05-30,6062.17611938783,6545.119791860059
2024-05-31,5944.102610026531,6417.639948352468
2024-06-03,5838.801948186674,6303.950502132024
2024-06-04,5846.522101309131,6312.285681777561
2024-06-05,5999.330679658619,6477.267765904512
2024-06-07,6148.988146022223,6638.847704495107
2024-06-10,6154.586450560267,6644.891998344575
2024-06-11,6177.834438322106,6669.992038631148
2024-06-12,6428.158889017575,6940.258603700667
2024-06-13,6751.114261615552,7288.942238001283
2024-06-14,6647.569789206583,7177.148888162069
2024-06-17,6631.535093876362,7159.836787738819
2024-06-18,6763.997275715593,7302.851578294997
2024-06-19,6803.21679475068,7345.195522978957
2024-06-20,6815.2709164349735,7358.209937086302
2024-06-21,6667.195846319877,7198.338456448875
2024-06-24,6476.10184492296,6992.02093844595
2024-06-25,6439.214192682449,6952.194628883206
2024-06-26,6602.298183081835,7128.270716459218
2024-06-27,6569.350703522371,7092.698473701888
2024-06-28,6601.007260923817,7126.876952899764
2024-07-01,6623.813894278957,7151.500478250839
2024-07-02,6512.504455893148,7031.323565892614
2024-07-03,6555.9586730382425,7078.2395661992605
2024-07-04,6541.180624527428,7062.284223449673
2024-07-05,6599.3237339889,7125.059307677182
2024-07-08,6555.314174520597,7077.543723663413
2024-07-09,6670.056949189528,7201.427489273046
2024-07-10,6630.143909835658,7158.334774926983
2024-07-11,6585.36632191442,7109.98997742139
2024-07-12,6393.301024431354,6902.6237849636145
2024-07-15,6410.374890975662,6921.057842246334
2024-07-16,6540.30170988393,7061.335290011378
2024-07-17,6267.952007305514,6767.288829871054
2024-07-18,6100.1167360552545,6586.0829503323375
2024-07-19,6019.567202658871,6499.116432884639
2024-07-22,5889.882786825086,6359.1006992514785
2024-07-23,5895.586577390119,6365.258882679444
2024-07-24,5841.70289789753,6307.082556198715
2024-07-25,5555.7771079430895,5998.378468759069
2024-07-26,5587.344312151718,6032.46047643595
2024-07-29,5671.87155203306,6123.721584626013
2024-07-30,5471.622551799757,5907.519734182327
2024-07-31,5656.094363607431,6106.687505412407
2024-08-01,5599.369830351821,6045.444008360591
2024-08-02,5156.2269171164035,5566.9980848309815
2024-08-05,4553.26427294682,4916.00038064268
2024-08-06,4743.314668249066,5121.191153600489
2024-08-07,4838.349289669391,5223.796714593808
2024-08-08,4723.416902325795,5099.7082308028985
2024-08-09,4881.008981063089,5269.854893201086
2024-08-12,5028.70377801625,5429.315806189293
2024-08-13,5056.855134930681,5459.70984286518
2024-08-14,5224.231555689399,5640.420317556768
2024-08-16,5498.851297172728,5936.917659405612
2024-08-19,5352.133275805192,5778.51133689643
2024-08-20,5446.73363504515,5880.648040183276
2024-08-21,5361.9708995769715,5789.132675634449
2024-08-22,5298.368906725814,5720.4638257010865
2024-08-23,5219.895929249066,5635.739293141462
2024-08-26,5104.208515788275,5510.835634026427
2024-08-27,5084.660444193199,5489.73026397945
2024-08-28,5165.903616262747,5577.445678872344
2024-08-29,4857.539939268073,5244.516188596764
2024-08-30,4956.649534468262,5351.521356433012
2024-09-02,4890.893819690931,5280.527208169884
2024-09-03,4786.716278693425,5168.05035629001
2024-09-04,4505.825700820288,4864.782611444265
2024-09-05,4477.178969455013,4833.853736278248
2024-09-06,4348.244214902613,4694.647385743392
2024-09-09,4376.599020985551,4725.261079379619
2024-09-10,4416.349906472218,4768.178721859631
2024-09-11,4603.789736853719,4970.550959064897
2024-09-12,4784.641841788659,5165.81065922827
2024-09-13,4622.550962622985,4990.806799159886
2024-09-19,4529.199718247493,4890.018721558061
2024-09-20,4574.4875969800405,4938.914462227121
2024-09-23,4651.079546691891,5021.608114817142
2024-09-24,4756.595061606986,5135.5295303976645
2024-09-25,4747.378044537546,5125.578239037098
2024-09-26,5075.633111040967,5479.983767718247
2024-09-27,5125.647077979075,5533.982100730897
2024-09-30,4875.665435608937,5264.08565383524
2024-10-02,4832.2158311389385,5217.174633672766
2024-10-04,4827.201876428472,5211.761241919595
2024-10-07,5006.7062643086565,5405.5658590574685
2024-10-08,4875.8330040238025,5264.2665715992625
2024-10-10,4909.316490508707,5300.417522310169
2024-10-11,4924.092610536841,5316.370782944373
2024-10-14,5084.888879224096,5489.9768973026075
2024-10-15,5090.616224677714,5496.160512120958
2024-10-16,4991.333827675691,5388.968776215591
2024-10-17,5150.348755863757,5560.651639462727
2024-10-18,4842.823238394277,5228.627080747868
2024-10-21,4826.35034743025,5210.841875805868
2024-10-22,4712.900332225077,5088.353857430516
2024-10-23,4838.620498818906,5224.089529638651
2024-10-24,4722.113813713063,5098.301331547292
2024-10-25,4766.389036194824,5146.1037426365365
2024-10-28,4752.937355847262,5131.580433260052
2024-10-29,4647.592924072002,5017.843730169325
2024-10-30,4696.158458195142,5070.278240868384
2024-10-31,4580.821519918817,4945.752977567201
2024-11-01,4503.762120648182,4862.554636017531
2024-11-04,4681.385573543672,5054.328473357347
2024-11-05,4654.054473453091,5024.820039320918
2024-11-06,4570.568034807142,4934.682647867387
2024-11-07,4550.132461428338,4912.619073146775
2024-11-08,4579.222072622364,4944.026110193195
2024-11-11,4372.491314825816,4720.826132529554
2024-11-12,4210.237192175021,4545.646024172715
2024-11-13,4068.3692888445103,4392.476204683541
2024-11-14,3957.9452109387225,4273.25518510814
2024-11-15,4092.2368377869643,4418.245163534281
2024-11-18,4090.049187702471,4415.883234157158
2024-11-19,4070.73006815747,4395.025055640882
2024-11-20,4058.3301359159113,4381.637281954731
2024-11-21,4046.0454674276866,4368.373954516656
2024-11-22,4156.555141736435,4487.687389538277
2024-11-25,4267.4993800570965,4607.470008143348
2024-11-26,4231.96749794418,4569.107476227536
2024-11-27,4049.9380280738224,4372.576616271163
2024-11-28,4004.9368207856423,4323.990384746566
2024-11-29,3878.3814445874673,4187.3529659042015
2024-12-02,3839.3963935011293,4145.262168074059
2024-12-03,3918.596592093229,4230.771855868605
2024-12-04,3885.7925550686587,4195.354483005458
2024-12-05,3931.815183656147,4245.043507426579
2024-12-06,3855.6919139381002,4162.855872253914
2024-12-09,3736.0299140517877,4033.6609910156976
2024-12-10,3816.2839376471,4120.3084568539425
2024-12-11,4012.8247101141696,4332.506663314428
2024-12-12,4116.179488899137,4444.095207574194
2024-12-13,4106.381357306057,4433.516507161974
2024-12-16,4168.672564398614,4500.7701475002095
2024-12-17,4180.346414279775,4513.373995425384
2024-12-18,4238.223807687727,4575.862195311915
2024-12-19,4144.7248797510365,4474.914668927952
2024-12-20,3970.156879142872,4286.439696689548
2024-12-23,4089.6737159432987,4415.477850414777
2024-12-24,4048.703241703674,4371.243460560934
2024-12-26,4009.082382230172,4328.466202625262
2024-12-27,4035.3895207687415,4356.869101143061
2024-12-30,4026.2339484971844,4402.824221537887
2025-01-02,4098.584819101066,4481.942367581791
2025-01-03,4293.371583646411,4694.948341885731
2025-01-06,4548.032091029338,4973.428297227914
2025-01-07,4626.439594602592,5059.169578111876
2025-01-08,4875.952019047466,5332.019929078337
2025-01-09,5120.08344838077,5598.985978258996
2025-01-10,5070.493388491698,5544.757555464881
2025-01-13,4884.562051668436,5341.435293574477
2025-01-14,4873.865658133732,5329.7384222202245
2025-01-15,4847.079363351799,5300.446694769769
2025-01-16,4966.653782516545,5431.2054027110635
2025-01-17,5200.451686700842,5686.871389500439
2025-01-20,5183.525153093966,5668.36164736813
2025-01-21,5271.150571042525,5764.183032191111
2025-01-22,5522.750506885716,6039.316148109835
2025-01-23,5379.012375025044,5882.133595727108
2025-01-24,5345.722884223992,5845.73040150233
2025-01-31,5056.907119073348,5529.900506212245
2025-02-03,4721.467935781303,5163.086312118443
2025-02-04,4766.793273258351,5212.65111541752
2025-02-05,4895.864879805063,5353.795321861058
2025-02-06,5297.606414748571,5793.113400113143
2025-02-07,5397.339304154404,5902.17471815301
2025-02-10,5463.173888060341,5974.167082318564
2025-02-11,5365.379475722251,5867.225555104549
2025-02-12,5246.0889462070445,5736.777290183016
2025-02-13,5415.361106718811,5921.882174267417
2025-02-14,5417.419763737236,5924.133385970588
2025-02-17,5473.244853807287,5985.180027043617
2025-02-18,5421.934512909437,5929.070418260268
2025-02-19,5671.520353386263,6202.001052163055
2025-02-20,5436.122765192266,5944.585756318416
2025-02-21,5378.587181318874,5881.668631899292
2025-02-24,5276.320715832193,5769.836761954455
2025-02-25,5213.30223026625,5700.923897425574
2025-02-26,5267.892726454991,5760.620467957764
2025-02-27,5072.668196027711,5547.135781722774
2025-02-28,4832.625587296991,5284.640997405723
2025-03-04,4758.518026785824,5203.601850999578
2025-03-05,4809.707210603062,5259.578970380685
2025-03-06,5002.295289152361,5470.180606515811
2025-03-07,4796.146520920806,5244.749893442402
2025-03-10,4799.38325833078,5248.289376256785
2025-03-11,4883.725031642736,5340.519983612312
2025-03-12,5052.379721486575,5524.949642449593
2025-03-13,5061.239428483161,5534.638034395833
2025-03-14,5089.868405512829,5565.944797767375
2025-03-17,5138.403390970192,5619.019460665052
2025-03-18,5145.857203125111,5627.170458624501
2025-03-19,5044.843166080974,5516.708161921833
2025-03-20,5100.39131629922,5577.451959816093
2025-03-21,5156.616779655609,5638.936422740831
2025-03-24,5056.931198457109,5529.9268378401175
2025-03-25,4904.537295847387,5363.27890475734
2025-03-26,4992.874837977994,5459.879021675267
2025-03-27,4853.836900237257,5307.836291961043
2025-03-28,4680.050493541708,5117.794925621962
2025-03-31,4454.230355059619,4870.8528978763825
2025-04-01,4595.126201546519,5024.927314207344
2025-04-02,4565.706310389956,4992.755659247386
2025-04-03,4522.276298235948,4945.263458868735
2025-04-04,4354.732573124143,4762.048677878604
2025-04-07,3958.7525623357187,4329.0310229073
2025-04-08,4020.678725463122,4396.7493955731525
2025-04-09,3947.8413043333567,4317.09918992522
2025-04-10,4328.149225769091,4732.978880365207
2025-04-11,4389.861547463031,4800.463410126036
2025-04-14,4445.097169035481,4860.865447280797
2025-04-15,4510.959919871089,4932.8886129451685
2025-04-16,4341.234542742756,4747.288121024127
2025-04-17,4407.9697985427165,4820.265400642034
2025-04-18,4474.420759481069,4892.9317941269555
2025-04-21,4559.90423460788,4986.4108913786295
2025-04-22,4499.480037039769,4920.334969307789
2025-04-23,4731.633332396343,5174.202520220293
2025-04-24,4660.550154449538,5096.470639358056
2025-04-25,4733.211976340637,5175.928821246024
2025-04-28,4549.14630183674,4974.646724769253
2025-04-29,4550.336571437,4975.948325196157
2025-04-30,4517.945165190305,4940.527217079512
2025-05-02,4552.499458704431,4978.3135162335675
2025-05-07,4629.8652122478325,5062.915607909229
2025-05-08,4707.485772867887,5147.796339818731
2025-05-09,4650.147965129343,5085.095490352353
2025-05-12,4842.532208692711,5295.474225974311
2025-05-13,4813.473342718745,5263.69736437183
2025-05-14,4989.23421161841,5455.897872511411
2025-05-15,4898.564345705248,5356.747279944612
2025-05-16,5066.2402395754325,5540.106591982409
2025-05-19,4898.478504131379,5356.653409254165
2025-05-20,4945.720007925355,5408.3136058117025
2025-05-21,4976.237235787076,5441.685235906354
2025-05-22,4790.375788062429,5238.439400130314
2025-05-23,4746.587616963799,5190.555540723223
2025-05-26,4981.724967284444,5447.6862575725
2025-05-27,4947.899592112741,5410.69705550088
2025-05-28,5006.094913158875,5474.335625032521
2025-05-29,5017.991475885339,5487.344922354818
2025-05-30,4868.134428865698,5323.471127432273
2025-06-02,4883.093522969062,5339.829407326847
2025-06-04,5029.660557216996,5500.105461008884
2025-06-05,5303.63434546886,5799.705148064339
2025-06-09,5351.48658311629,5852.033202932469
2025-06-10,5355.414845689704,5856.328892111993
2025-06-11,5500.17067952624,6014.624336335322
2025-06-12,5429.002439783122,5936.799437496005
2025-06-13,5394.504196870185,5899.074431587129
2025-06-16,5452.072792169485,5962.027655127027
2025-06-17,5490.902899635835,6004.489702753836
2025-06-18,5552.287583202018,6071.615949041017
2025-06-19,5593.524462846939,6116.709884178361
2025-06-20,5684.924798675387,6216.659270525469
2025-06-23,5580.58533468575,6102.56050597471
2025-06-24,5810.41759736761,6353.889928450086
2025-06-25,5958.158412527911,6515.449551616126
2025-06-26,6076.8115240979505,6645.200778262158
2025-06-27,5988.9312292287095,6549.100676828507
2025-06-30,6012.4888613620415,6574.861751491699
2025-07-01,5866.245059979775,6414.939163978881
2025-07-02,5768.958923049255,6308.553453268399
2025-07-03,5906.6478802494485,6459.121026726365
2025-07-04,5783.55727223613,6324.517246286048
2025-07-07,5719.197071187517,6254.13717008962
2025-07-08,5811.945802136358,6355.561072516074
2025-07-09,5744.155927755937,6281.430531490625
2025-07-10,5874.272097421847,6423.717003351663
2025-07-11,5866.573219527368,6415.298017642915
2025-07-14,5754.814233774873,6293.085752846614
2025-07-15,5844.168327486712,6390.797503609357
2025-07-16,5826.995794965841,6372.018753269661
2025-07-17,5681.254015493392,6212.645143847178
2025-07-18,5668.126999218254,6198.290303579073
2025-07-21,5715.323812362574,6249.901629386102
2025-07-22,5576.197535263499,6097.762297568875
2025-07-23,5576.939465083161,6098.573623145697
2025-07-24,5516.725737107207,6032.727856756345
2025-07-25,5508.626065545528,6023.870589495069
2025-07-28,5627.442033574281,6153.7999052363275
2025-07-29,5611.053491893469,6135.8784756346295
2025-07-30,5692.8346766293225,6225.308991999799
2025-07-31,5819.774797862296,6364.122346513911
2025-08-01,5535.704366113359,6053.4816352373655
2025-08-04,5569.695841849763,6090.652473944818
2025-08-05,5672.763848670757,6203.360856692046
2025-08-06,5627.067856604531,6153.390729950781
2025-08-07,5694.21774527275,6226.821424759849
2025-08-08,5691.805435114591,6224.183481279648
2025-08-11,5790.662947272039,6332.287544425369
2025-08-12,5788.551244085263,6329.978324926858
2025-08-13,5897.669958457506,6449.3033628672165
2025-08-14,5895.80909857292,6447.268449079904
2025-08-18,5701.852693468252,6235.170501161107
2025-08-19,5680.005564912634,6211.279920532619
2025-08-20,5573.628698735818,6094.9531871619965
2025-08-21,5510.819491421629,6026.269175543217
2025-08-22,5618.431149161925,6143.946195626877
2025-08-25,5766.674927000587,6306.05582564576
2025-08-26,5768.482203736176,6308.032144431072
2025-08-27,5762.104569157845,6301.057983377148
2025-08-28,5754.296089119345,6292.519143983642
2025-08-29,5798.605103558052,6340.9725633573535
2025-09-01,5675.71702748205,6206.590258502077
2025-09-02,5755.470542615546,6293.803448961019
2025-09-03,5826.514675491066,6371.492632705358
2025-09-04,5886.007041424302,6436.549565083869
2025-09-05,5909.2845381318175,6462.004302099058
2025-09-08,6016.624262998072,6579.383954305
2025-09-09,6153.58666960867,6729.15701989905
2025-09-10,6327.059893923111,6918.85591061676
2025-09-11,6438.118232011646,7040.301993282288
2025-09-12,6628.78681447519,7248.80459494311
2025-09-15,6955.64079052724,7606.230571942056
2025-09-16,7097.428582111471,7761.280360675378
2025-09-17,6934.485431843041,7583.096465275234
2025-09-18,7247.878990494578,7925.803016497864
2025-09-19,7259.172351541803,7938.152692199113
2025-09-22,7458.340731590922,8155.950112583001
2025-09-23,7660.7385901051075,8377.279077877298
2025-09-24,7672.756817341196,8390.421419492779
2025-09-25,7611.259476844732,8323.171979007817
2025-09-26,7368.787058076976,8058.020114495814
2025-09-29,7473.604856417639,8172.64195398301
2025-09-30,7541.82700876718,8247.245205719568
2025-10-01,7711.2582005628365,8432.523995939988
2025-10-02,8111.379495430148,8870.070286376602
2025-10-10,8753.758036533009,9572.533142818294
2025-10-13,8843.981073672841,9671.195112873025
2025-10-14,8627.578847777726,9434.551893936045
2025-10-15,9149.442582834836,10005.227697290517
2025-10-16,9443.451436533618,10326.73641212681
2025-10-17,9537.366505555712,10429.435745038701
2025-10-20,9785.462128593208,10700.73677531657
2025-10-21,9670.172122949347,10574.663219769829
2025-10-22,9755.124116933459,10667.561124254687
2025-10-23,9620.462562118226,10520.304118617507
2025-10-24,9983.246980454762,10917.02126041321
2025-10-27,10208.6547589351,11163.512358424718
2025-10-28,9956.567318603322,10887.846139711195
2025-10-29,10114.741968581215,11060.815517314275
2025-10-30,10287.468653193604,11249.698041391452
2025-10-31,10377.750842674466,11348.424696549724
2025-11-03,10693.00236809919,11693.162997843623
2025-11-04,10294.966105533917,11257.89676138289
2025-11-05,9917.431420104862,10845.04969915538
2025-11-06,9968.19578316096,10900.562262536789
2025-11-07,9761.382331967498,10674.40469596163
2025-11-10,10004.62945243412,10940.403723218737
2025-11-11,10135.982515984879,11084.042780752976
2025-11-12,10078.390245222405,11021.06366728615
2025-11-13,10113.655642530422,11059.62758270588
2025-11-14,9455.109703958251,10339.48512540451
2025-11-17,9940.669390652929,10870.461212966346
2025-11-18,9414.229075341229,10294.780762923561
2025-11-19,9243.971568863952,10108.598369400055
2025-11-20,9399.178729251544,10278.322695867888
2025-11-21,8757.362607053237,9576.474863691376
2025-11-24,8780.834577501706,9602.142264378886
2025-11-25,8842.748993503803,9669.847791162336
2025-11-26,9088.676562525552,9938.777980387193
2025-11-27,9198.51611741008,10058.891282027065
2025-11-28,9061.676725448353,9909.252737149542
2025-12-01,9139.787786647152,9994.669848180674
2025-12-02,9238.986304132139,10103.146812289173
2025-12-03,9283.021478141412,10151.300777808248
2025-12-04,9074.38401420101,9923.148591048235
2025-12-05,9280.008825922396,10148.006339797288
2025-12-08,9500.848713016354,10389.502292694386
2025-12-09,9358.358245468347,10233.684103815225
2025-12-10,9391.079691660789,10269.466121875454
2025-12-11,9227.875700065495,10090.99698758294
2025-12-12,9289.092953955213,10157.940143805215
2025-12-15,9055.081086195509,9902.040180544434
2025-12-16,8804.087775190725,9627.570429588126
2025-12-17,9149.277349412872,10005.04700890486
2025-12-18,9033.054762436503,9877.953643845844
2025-12-19,8965.004227770163,9803.538061902476
2025-12-22,9549.987552933388,10443.23729105079
2025-12-23,9584.44866494951,10480.921693056875
2025-12-24,9551.203782151313,10444.567279205507
2025-12-26,9866.698583720115,10789.571611264972
2025-12-29,10119.613449080627,11066.14264748404
2025-12-30,10110.401595541396,11136.44280079406
2026-01-02,10992.564915321731,12108.131339459494
2026-01-05,11793.524403612035,12990.375179410603
2026-01-06,12384.43325633957,13641.251663069277
2026-01-07,12391.596917732719,13649.142319498222
2026-01-08,12387.29813319154,13644.407278293045
2026-01-09,12079.84331021114,13305.750794908703
2026-01-12,11901.882792317292,13109.730180930472
2026-01-13,11969.07085774156,13183.73674144369
2026-01-14,12206.741982092124,13445.527616585354
2026-01-15,12326.494615050826,13577.433192697898
2026-01-16,12480.613673114052,13747.192826715826
2026-01-19,12440.168973536493,13702.643648408268
2026-01-20,12078.30887757343,13304.060642332663
2026-01-21,11869.633325055675,13074.207917633486
2026-01-22,11891.307820069793,13098.082021117889
2026-01-23,11946.791146688727,13159.196002343126
2026-01-26,11924.945911599663,13135.133831445133
2026-01-27,12621.298687450839,13902.155080221308
2026-01-28,13108.510570672237,14438.81103973878
2026-01-29,13730.35561958804,15123.76323998192
2026-01-30,14118.382772681638,15551.16883359231
2026-02-02,12861.330912825599,14166.54666971189
2026-02-03,13894.900917348808,15305.00720732942
2026-02-04,13972.927524907638,15390.952245595961
2026-02-05,13189.710633559147,14528.251587398106
2026-02-06,13158.280042591703,14493.631303011138
2026-02-09,13812.173158102889,15213.883926995399
2026-02-10,13648.921791573423,15034.065203839178
2026-02-11,13433.66510804596,14796.963470447168
2026-02-12,14179.927837718129,15618.959721023753
2026-02-13,14009.27768409783,15430.991354309492
2026-02-19,14443.242963261326,15908.997046097851
2026-02-20,14624.604740396917,16108.764091772036
2026-02-23,14648.74964673912,16135.359313125959
2026-02-24,15248.196991962985,16795.640807297008
2026-02-25,15390.762258212457,16952.67412768137
2026-02-26,17322.570608171132,19080.529583086663
2026-02-27,18017.527866301265,19846.013691806525
2026-03-03,16357.909938703886,18017.971556466313
2026-03-04,14887.793819846253,16398.66257912527
2026-03-05,17352.448968150675,19113.44011030454
2026-03-06,17662.924730348426,19455.424109068048
2026-03-09,16224.715747608901,17871.26032284119
2026-03-10,17415.304176666355,19182.67409945444
2026-03-11,17302.60776723349,19058.540838708654
2026-03-12,17098.849559685354,18834.104489458903
2026-03-13,16762.64172849497,18463.777035514653
2026-03-16,17245.598749274053,18995.74633330397
2026-03-17,17267.438891414517,19019.802894401975
2026-03-18,18272.796096282713,20127.187492390472
2026-03-19,17715.255014993385,19513.0650658778
2026-03-20,17683.955127878926,19478.588749657563
2026-03-23,16544.447363932963,18223.43949427673
2026-03-24,16895.949165353184,18610.613007504788
2026-03-25,17092.21458544898,18826.79617332824
2026-03-26,16070.59054887125,17701.493924970324
2026-03-27,15943.47207644783,17561.47499657365
2026-03-30,15198.206686043473,16740.577298967884
2026-03-31,14285.497314157146,15735.242781074634
2026-04-01,15821.034733371698,17426.612255963042
2026-04-02,14782.62942121744,16282.825705689283
2026-04-03,15298.995413348584,16851.59444165915
2026-04-06,15383.041552059818,16944.169895516294
2026-04-07,15655.509733415127,17244.28916259248
2026-04-08,17164.60291466868,18906.530739772737
2026-04-09,16934.628223324267,18653.21736032036
2026-04-10,17206.342297680003,18952.505990810347
2026-04-13,16984.679707115672,18708.34825507964
2026-04-14,17598.804851314755,19384.79710592633
2026-04-15,18145.22202212183,19986.666726095347
2026-04-16,18366.635516473845,20230.550086402473
2026-04-17,18074.673987883238,19908.959214619936
2026-04-20,18190.68029736026,20036.738276392498
2026-04-21,18773.538128239787,20678.74669052386
2026-04-22,18724.9530688791,20625.231038407517
2026-04-23,18825.511051226982,20735.994019283993
2026-04-24,19013.866607948865,20943.46459934186
2026-04-27,20616.670186683008,22708.92665411843
2026-04-28,20445.41751188209,22520.29462013034
2026-04-29,20419.85369977886,22492.13649717473
2026-04-30,20264.077531946903,22320.551583717628
2026-05-04,21633.2694869246,23828.6942371846
2026-05-06,23595.62838611022,25990.200625323243
2026-05-07,23776.968334116595,26189.94362656689
2026-05-08,23686.11721680168,26089.872599535483
2026-05-11,24981.376604101446,27516.579733030216
2026-05-12,23988.613607893927,26423.06745089837
2026-05-13,25189.647688436184,27745.986942608914
2026-05-14,25576.175873492215,28171.7414473231
2026-05-15,23374.209883604453,25746.31174861628
2026-05-18,22817.959567382764,25133.611078817146
2026-05-19,21740.052543496273,23946.314035999407
2026-05-20,21764.369888694313,23973.099195946423
2026-05-21,24163.792390598464,26616.024028841042
2026-05-22,23848.266255995462,26268.47712707291
2026-05-26,24781.27746675612,27296.173790053912
2026-05-27,25282.299268819665,27848.041150406047
2026-05-28,24604.394479899776,27101.340058975617
2026-05-29,24952.96975313276,27485.290049037547
2026-06-01,26012.723182368965,28652.591202815544
2026-06-02,25959.793105830217,28594.289584996983
2026-06-04,26935.23928496771,29668.727674974365
2026-06-05,25310.23781789219,27878.815007482157
2026-06-08,22850.545819590585,25169.504305250863
2026-06-09,25764.21120406488,28378.85930348959
2026-06-10,24562.845569191377,27055.574610079548
2026-06-11,25571.820087188727,28166.943619604488
2026-06-12,28343.253755966572,31219.63269796415
2026-06-15,28808.644715025457,31732.253264673538
2026-06-16,27968.164763464072,30806.478277663606
2026-06-17,28458.09781079939,31346.13155516295
2026-06-18,28717.943842812037,31632.347730176043
2026-06-19,28033.220701906317,30878.13633500858
2026-06-22,28496.98413802315,31388.96421168683
2026-06-23,24979.44547571583,27514.45262654446
2026-06-24,25367.06947611192,27941.414154020247
2026-06-25,26807.99720900438,29528.57259929024
2026-06-26,25424.342817363075,28004.499807228633
2026-06-29,25487.896652031686,28074.503321715165
2026-06-30,25920.057002770205,28550.520914220393
2026-07-01,25864.51349478766,28489.34064420265
2026-07-02,22399.37197368288,24672.54365728004
2026-07-03,23749.0542120025,26159.1966753879
2026-07-06,23368.02374607448,25739.49781881245
2026-07-07,21749.397101491795,23956.60691453962
2026-07-08,20400.74450468405,22471.08802979867
2026-07-09,21026.04790129882,23159.849543744225
2026-07-10,21775.26296319388,23985.097740212223
2026-07-13,19891.502221129667,21910.165942880772
2026-07-14,20526.731204518976,22609.860329109826
2026-07-15,22823.020606807044,25139.185731369605
2026-07-16,20994.306734842718,23124.88716551142
2026-07-20,19868.432103311683,21884.75458359304
2026-07-21,20174.041344794674,22221.378188996634
2026-07-22,19908.979579694478,21929.416968878773
2026-07-23,20881.519766449783,23000.654155545053
