ticker,name,query_start,query_end,kind_type_code,result_count,response_file,response_sha256,queried_at_utc
005930,삼성전자,2020-01-01,2020-12-31,0350,0,005930/2020.html,c1773be4778aebfce399585a1c23457592e1037328f119068b5f807046c14400,2026-07-29T18:18:47+00:00
005930,삼성전자,2021-01-01,2021-12-31,0350,0,005930/2021.html,c1773be4778aebfce399585a1c23457592e1037328f119068b5f807046c14400,2026-07-29T18:18:47+00:00
005930,삼성전자,2022-01-01,2022-12-31,0350,0,005930/2022.html,c1773be4778aebfce399585a1c23457592e1037328f119068b5f807046c14400,2026-07-29T18:18:47+00:00
005930,삼성전자,2023-01-01,2023-12-31,0350,0,005930/2023.html,c1773be4778aebfce399585a1c23457592e1037328f119068b5f807046c14400,2026-07-29T18:18:47+00:00
005930,삼성전자,2024-01-01,2024-12-31,0350,0,005930/2024.html,c1773be4778aebfce399585a1c23457592e1037328f119068b5f807046c14400,2026-07-29T18:18:47+00:00
005930,삼성전자,2025-01-01,2025-12-31,0350,0,005930/2025.html,c1773be4778aebfce399585a1c23457592e1037328f119068b5f807046c14400,2026-07-29T18:18:47+00:00
005930,삼성전자,2026-01-01,2026-07-30,0350,0,005930/2026.html,c1773be4778aebfce399585a1c23457592e1037328f119068b5f807046c14400,2026-07-29T18:18:47+00:00
000660,SK하이닉스,2020-01-01,2020-12-31,0350,0,000660/2020.html,c1773be4778aebfce399585a1c23457592e1037328f119068b5f807046c14400,2026-07-29T18:18:47+00:00
000660,SK하이닉스,2021-01-01,2021-12-31,0350,0,000660/2021.html,c1773be4778aebfce399585a1c23457592e1037328f119068b5f807046c14400,2026-07-29T18:18:47+00:00
000660,SK하이닉스,2022-01-01,2022-12-31,0350,0,000660/2022.html,c1773be4778aebfce399585a1c23457592e1037328f119068b5f807046c14400,2026-07-29T18:18:47+00:00
000660,SK하이닉스,2023-01-01,2023-12-31,0350,0,000660/2023.html,c1773be4778aebfce399585a1c23457592e1037328f119068b5f807046c14400,2026-07-29T18:18:47+00:00
000660,SK하이닉스,2024-01-01,2024-12-31,0350,0,000660/2024.html,c1773be4778aebfce399585a1c23457592e1037328f119068b5f807046c14400,2026-07-29T18:18:47+00:00
000660,SK하이닉스,2025-01-01,2025-12-31,0350,0,000660/2025.html,c1773be4778aebfce399585a1c23457592e1037328f119068b5f807046c14400,2026-07-29T18:18:47+00:00
000660,SK하이닉스,2026-01-01,2026-07-30,0350,0,000660/2026.html,c1773be4778aebfce399585a1c23457592e1037328f119068b5f807046c14400,2026-07-29T18:18:47+00:00
042700,한미반도체,2020-01-01,2020-12-31,0350,0,042700/2020.html,c1773be4778aebfce399585a1c23457592e1037328f119068b5f807046c14400,2026-07-29T18:18:47+00:00
042700,한미반도체,2021-01-01,2021-12-31,0350,0,042700/2021.html,c1773be4778aebfce399585a1c23457592e1037328f119068b5f807046c14400,2026-07-29T18:18:47+00:00
042700,한미반도체,2022-01-01,2022-12-31,0350,0,042700/2022.html,c1773be4778aebfce399585a1c23457592e1037328f119068b5f807046c14400,2026-07-29T18:18:47+00:00
042700,한미반도체,2023-01-01,2023-12-31,0350,0,042700/2023.html,c1773be4778aebfce399585a1c23457592e1037328f119068b5f807046c14400,2026-07-29T18:18:47+00:00
042700,한미반도체,2024-01-01,2024-12-31,0350,0,042700/2024.html,c1773be4778aebfce399585a1c23457592e1037328f119068b5f807046c14400,2026-07-29T18:18:47+00:00
042700,한미반도체,2025-01-01,2025-12-31,0350,0,042700/2025.html,c1773be4778aebfce399585a1c23457592e1037328f119068b5f807046c14400,2026-07-29T18:18:47+00:00
042700,한미반도체,2026-01-01,2026-07-30,0350,0,042700/2026.html,c1773be4778aebfce399585a1c23457592e1037328f119068b5f807046c14400,2026-07-29T18:18:47+00:00
089030,테크윙,2020-01-01,2020-12-31,0350,0,089030/2020.html,c1773be4778aebfce399585a1c23457592e1037328f119068b5f807046c14400,2026-07-29T18:18:47+00:00
089030,테크윙,2021-01-01,2021-12-31,0350,0,089030/2021.html,c1773be4778aebfce399585a1c23457592e1037328f119068b5f807046c14400,2026-07-29T18:18:47+00:00
089030,테크윙,2022-01-01,2022-12-31,0350,0,089030/2022.html,c1773be4778aebfce399585a1c23457592e1037328f119068b5f807046c14400,2026-07-29T18:18:47+00:00
089030,테크윙,2023-01-01,2023-12-31,0350,0,089030/2023.html,c1773be4778aebfce399585a1c23457592e1037328f119068b5f807046c14400,2026-07-29T18:18:47+00:00
089030,테크윙,2024-01-01,2024-12-31,0350,0,089030/2024.html,c1773be4778aebfce399585a1c23457592e1037328f119068b5f807046c14400,2026-07-29T18:18:47+00:00
089030,테크윙,2025-01-01,2025-12-31,0350,0,089030/2025.html,c1773be4778aebfce399585a1c23457592e1037328f119068b5f807046c14400,2026-07-29T18:18:47+00:00
089030,테크윙,2026-01-01,2026-07-30,0350,0,089030/2026.html,c1773be4778aebfce399585a1c23457592e1037328f119068b5f807046c14400,2026-07-29T18:18:47+00:00
067310,하나마이크론,2020-01-01,2020-12-31,0350,0,067310/2020.html,c1773be4778aebfce399585a1c23457592e1037328f119068b5f807046c14400,2026-07-29T18:18:47+00:00
067310,하나마이크론,2021-01-01,2021-12-31,0350,0,067310/2021.html,c1773be4778aebfce399585a1c23457592e1037328f119068b5f807046c14400,2026-07-29T18:18:47+00:00
067310,하나마이크론,2022-01-01,2022-12-31,0350,0,067310/2022.html,c1773be4778aebfce399585a1c23457592e1037328f119068b5f807046c14400,2026-07-29T18:18:47+00:00
067310,하나마이크론,2023-01-01,2023-12-31,0350,0,067310/2023.html,c1773be4778aebfce399585a1c23457592e1037328f119068b5f807046c14400,2026-07-29T18:18:47+00:00
067310,하나마이크론,2024-01-01,2024-12-31,0350,0,067310/2024.html,c1773be4778aebfce399585a1c23457592e1037328f119068b5f807046c14400,2026-07-29T18:18:47+00:00
067310,하나마이크론,2025-01-01,2025-12-31,0350,0,067310/2025.html,c1773be4778aebfce399585a1c23457592e1037328f119068b5f807046c14400,2026-07-29T18:18:47+00:00
067310,하나마이크론,2026-01-01,2026-07-30,0350,0,067310/2026.html,c1773be4778aebfce399585a1c23457592e1037328f119068b5f807046c14400,2026-07-29T18:18:47+00:00
095340,ISC,2020-01-01,2020-12-31,0350,0,095340/2020.html,c1773be4778aebfce399585a1c23457592e1037328f119068b5f807046c14400,2026-07-29T18:18:47+00:00
095340,ISC,2021-01-01,2021-12-31,0350,0,095340/2021.html,c1773be4778aebfce399585a1c23457592e1037328f119068b5f807046c14400,2026-07-29T18:18:47+00:00
095340,ISC,2022-01-01,2022-12-31,0350,0,095340/2022.html,c1773be4778aebfce399585a1c23457592e1037328f119068b5f807046c14400,2026-07-29T18:18:47+00:00
095340,ISC,2023-01-01,2023-12-31,0350,0,095340/2023.html,c1773be4778aebfce399585a1c23457592e1037328f119068b5f807046c14400,2026-07-29T18:18:47+00:00
095340,ISC,2024-01-01,2024-12-31,0350,0,095340/2024.html,c1773be4778aebfce399585a1c23457592e1037328f119068b5f807046c14400,2026-07-29T18:18:47+00:00
095340,ISC,2025-01-01,2025-12-31,0350,0,095340/2025.html,c1773be4778aebfce399585a1c23457592e1037328f119068b5f807046c14400,2026-07-29T18:18:47+00:00
095340,ISC,2026-01-01,2026-07-30,0350,0,095340/2026.html,c1773be4778aebfce399585a1c23457592e1037328f119068b5f807046c14400,2026-07-29T18:18:47+00:00
112290,와이씨켐,2020-01-01,2020-12-31,0350,0,112290/2020.html,c1773be4778aebfce399585a1c23457592e1037328f119068b5f807046c14400,2026-07-29T18:18:47+00:00
112290,와이씨켐,2021-01-01,2021-12-31,0350,0,112290/2021.html,c1773be4778aebfce399585a1c23457592e1037328f119068b5f807046c14400,2026-07-29T18:18:47+00:00
112290,와이씨켐,2022-01-01,2022-12-31,0350,0,112290/2022.html,c1773be4778aebfce399585a1c23457592e1037328f119068b5f807046c14400,2026-07-29T18:18:47+00:00
112290,와이씨켐,2023-01-01,2023-12-31,0350,0,112290/2023.html,c1773be4778aebfce399585a1c23457592e1037328f119068b5f807046c14400,2026-07-29T18:18:47+00:00
112290,와이씨켐,2024-01-01,2024-12-31,0350,0,112290/2024.html,c1773be4778aebfce399585a1c23457592e1037328f119068b5f807046c14400,2026-07-29T18:18:47+00:00
112290,와이씨켐,2025-01-01,2025-12-31,0350,0,112290/2025.html,c1773be4778aebfce399585a1c23457592e1037328f119068b5f807046c14400,2026-07-29T18:18:47+00:00
112290,와이씨켐,2026-01-01,2026-07-30,0350,0,112290/2026.html,c1773be4778aebfce399585a1c23457592e1037328f119068b5f807046c14400,2026-07-29T18:18:47+00:00
033160,엠케이전자,2020-01-01,2020-12-31,0350,0,033160/2020.html,c1773be4778aebfce399585a1c23457592e1037328f119068b5f807046c14400,2026-07-29T18:18:47+00:00
033160,엠케이전자,2021-01-01,2021-12-31,0350,0,033160/2021.html,c1773be4778aebfce399585a1c23457592e1037328f119068b5f807046c14400,2026-07-29T18:18:47+00:00
033160,엠케이전자,2022-01-01,2022-12-31,0350,0,033160/2022.html,c1773be4778aebfce399585a1c23457592e1037328f119068b5f807046c14400,2026-07-29T18:18:47+00:00
033160,엠케이전자,2023-01-01,2023-12-31,0350,0,033160/2023.html,c1773be4778aebfce399585a1c23457592e1037328f119068b5f807046c14400,2026-07-29T18:18:47+00:00
033160,엠케이전자,2024-01-01,2024-12-31,0350,0,033160/2024.html,c1773be4778aebfce399585a1c23457592e1037328f119068b5f807046c14400,2026-07-29T18:18:47+00:00
033160,엠케이전자,2025-01-01,2025-12-31,0350,0,033160/2025.html,c1773be4778aebfce399585a1c23457592e1037328f119068b5f807046c14400,2026-07-29T18:18:47+00:00
033160,엠케이전자,2026-01-01,2026-07-30,0350,0,033160/2026.html,c1773be4778aebfce399585a1c23457592e1037328f119068b5f807046c14400,2026-07-29T18:18:47+00:00
222800,심텍,2020-01-01,2020-12-31,0350,0,222800/2020.html,c1773be4778aebfce399585a1c23457592e1037328f119068b5f807046c14400,2026-07-29T18:18:47+00:00
222800,심텍,2021-01-01,2021-12-31,0350,0,222800/2021.html,c1773be4778aebfce399585a1c23457592e1037328f119068b5f807046c14400,2026-07-29T18:18:47+00:00
222800,심텍,2022-01-01,2022-12-31,0350,0,222800/2022.html,c1773be4778aebfce399585a1c23457592e1037328f119068b5f807046c14400,2026-07-29T18:18:47+00:00
222800,심텍,2023-01-01,2023-12-31,0350,0,222800/2023.html,c1773be4778aebfce399585a1c23457592e1037328f119068b5f807046c14400,2026-07-29T18:18:47+00:00
222800,심텍,2024-01-01,2024-12-31,0350,0,222800/2024.html,c1773be4778aebfce399585a1c23457592e1037328f119068b5f807046c14400,2026-07-29T18:18:47+00:00
222800,심텍,2025-01-01,2025-12-31,0350,0,222800/2025.html,c1773be4778aebfce399585a1c23457592e1037328f119068b5f807046c14400,2026-07-29T18:18:47+00:00
222800,심텍,2026-01-01,2026-07-30,0350,0,222800/2026.html,c1773be4778aebfce399585a1c23457592e1037328f119068b5f807046c14400,2026-07-29T18:18:47+00:00
353200,대덕전자,2020-01-01,2020-12-31,0350,0,353200/2020.html,c1773be4778aebfce399585a1c23457592e1037328f119068b5f807046c14400,2026-07-29T18:18:47+00:00
353200,대덕전자,2021-01-01,2021-12-31,0350,0,353200/2021.html,c1773be4778aebfce399585a1c23457592e1037328f119068b5f807046c14400,2026-07-29T18:18:47+00:00
353200,대덕전자,2022-01-01,2022-12-31,0350,0,353200/2022.html,c1773be4778aebfce399585a1c23457592e1037328f119068b5f807046c14400,2026-07-29T18:18:47+00:00
353200,대덕전자,2023-01-01,2023-12-31,0350,0,353200/2023.html,c1773be4778aebfce399585a1c23457592e1037328f119068b5f807046c14400,2026-07-29T18:18:47+00:00
353200,대덕전자,2024-01-01,2024-12-31,0350,0,353200/2024.html,c1773be4778aebfce399585a1c23457592e1037328f119068b5f807046c14400,2026-07-29T18:18:47+00:00
353200,대덕전자,2025-01-01,2025-12-31,0350,0,353200/2025.html,c1773be4778aebfce399585a1c23457592e1037328f119068b5f807046c14400,2026-07-29T18:18:47+00:00
353200,대덕전자,2026-01-01,2026-07-30,0350,0,353200/2026.html,c1773be4778aebfce399585a1c23457592e1037328f119068b5f807046c14400,2026-07-29T18:18:47+00:00
102710,이엔에프테크놀로지,2020-01-01,2020-12-31,0350,0,102710/2020.html,c1773be4778aebfce399585a1c23457592e1037328f119068b5f807046c14400,2026-07-29T18:18:47+00:00
102710,이엔에프테크놀로지,2021-01-01,2021-12-31,0350,0,102710/2021.html,c1773be4778aebfce399585a1c23457592e1037328f119068b5f807046c14400,2026-07-29T18:18:47+00:00
102710,이엔에프테크놀로지,2022-01-01,2022-12-31,0350,0,102710/2022.html,c1773be4778aebfce399585a1c23457592e1037328f119068b5f807046c14400,2026-07-29T18:18:47+00:00
102710,이엔에프테크놀로지,2023-01-01,2023-12-31,0350,0,102710/2023.html,c1773be4778aebfce399585a1c23457592e1037328f119068b5f807046c14400,2026-07-29T18:18:47+00:00
102710,이엔에프테크놀로지,2024-01-01,2024-12-31,0350,0,102710/2024.html,c1773be4778aebfce399585a1c23457592e1037328f119068b5f807046c14400,2026-07-29T18:18:47+00:00
102710,이엔에프테크놀로지,2025-01-01,2025-12-31,0350,0,102710/2025.html,c1773be4778aebfce399585a1c23457592e1037328f119068b5f807046c14400,2026-07-29T18:18:47+00:00
102710,이엔에프테크놀로지,2026-01-01,2026-07-30,0350,0,102710/2026.html,c1773be4778aebfce399585a1c23457592e1037328f119068b5f807046c14400,2026-07-29T18:18:47+00:00
357780,솔브레인,2020-01-01,2020-12-31,0350,0,357780/2020.html,c1773be4778aebfce399585a1c23457592e1037328f119068b5f807046c14400,2026-07-29T18:18:47+00:00
357780,솔브레인,2021-01-01,2021-12-31,0350,0,357780/2021.html,c1773be4778aebfce399585a1c23457592e1037328f119068b5f807046c14400,2026-07-29T18:18:47+00:00
357780,솔브레인,2022-01-01,2022-12-31,0350,0,357780/2022.html,c1773be4778aebfce399585a1c23457592e1037328f119068b5f807046c14400,2026-07-29T18:18:47+00:00
357780,솔브레인,2023-01-01,2023-12-31,0350,0,357780/2023.html,c1773be4778aebfce399585a1c23457592e1037328f119068b5f807046c14400,2026-07-29T18:18:47+00:00
357780,솔브레인,2024-01-01,2024-12-31,0350,0,357780/2024.html,c1773be4778aebfce399585a1c23457592e1037328f119068b5f807046c14400,2026-07-29T18:18:47+00:00
357780,솔브레인,2025-01-01,2025-12-31,0350,0,357780/2025.html,c1773be4778aebfce399585a1c23457592e1037328f119068b5f807046c14400,2026-07-29T18:18:47+00:00
357780,솔브레인,2026-01-01,2026-07-30,0350,0,357780/2026.html,c1773be4778aebfce399585a1c23457592e1037328f119068b5f807046c14400,2026-07-29T18:18:47+00:00
014680,한솔케미칼,2020-01-01,2020-12-31,0350,0,014680/2020.html,c1773be4778aebfce399585a1c23457592e1037328f119068b5f807046c14400,2026-07-29T18:18:47+00:00
014680,한솔케미칼,2021-01-01,2021-12-31,0350,0,014680/2021.html,c1773be4778aebfce399585a1c23457592e1037328f119068b5f807046c14400,2026-07-29T18:18:47+00:00
014680,한솔케미칼,2022-01-01,2022-12-31,0350,0,014680/2022.html,c1773be4778aebfce399585a1c23457592e1037328f119068b5f807046c14400,2026-07-29T18:18:47+00:00
014680,한솔케미칼,2023-01-01,2023-12-31,0350,0,014680/2023.html,c1773be4778aebfce399585a1c23457592e1037328f119068b5f807046c14400,2026-07-29T18:18:47+00:00
014680,한솔케미칼,2024-01-01,2024-12-31,0350,0,014680/2024.html,c1773be4778aebfce399585a1c23457592e1037328f119068b5f807046c14400,2026-07-29T18:18:47+00:00
014680,한솔케미칼,2025-01-01,2025-12-31,0350,0,014680/2025.html,c1773be4778aebfce399585a1c23457592e1037328f119068b5f807046c14400,2026-07-29T18:18:47+00:00
014680,한솔케미칼,2026-01-01,2026-07-30,0350,0,014680/2026.html,c1773be4778aebfce399585a1c23457592e1037328f119068b5f807046c14400,2026-07-29T18:18:47+00:00
403870,HPSP,2020-01-01,2020-12-31,0350,0,403870/2020.html,c1773be4778aebfce399585a1c23457592e1037328f119068b5f807046c14400,2026-07-29T18:18:47+00:00
403870,HPSP,2021-01-01,2021-12-31,0350,0,403870/2021.html,c1773be4778aebfce399585a1c23457592e1037328f119068b5f807046c14400,2026-07-29T18:18:47+00:00
403870,HPSP,2022-01-01,2022-12-31,0350,0,403870/2022.html,c1773be4778aebfce399585a1c23457592e1037328f119068b5f807046c14400,2026-07-29T18:18:47+00:00
403870,HPSP,2023-01-01,2023-12-31,0350,0,403870/2023.html,c1773be4778aebfce399585a1c23457592e1037328f119068b5f807046c14400,2026-07-29T18:18:47+00:00
403870,HPSP,2024-01-01,2024-12-31,0350,0,403870/2024.html,c1773be4778aebfce399585a1c23457592e1037328f119068b5f807046c14400,2026-07-29T18:18:47+00:00
403870,HPSP,2025-01-01,2025-12-31,0350,0,403870/2025.html,c1773be4778aebfce399585a1c23457592e1037328f119068b5f807046c14400,2026-07-29T18:18:47+00:00
403870,HPSP,2026-01-01,2026-07-30,0350,0,403870/2026.html,c1773be4778aebfce399585a1c23457592e1037328f119068b5f807046c14400,2026-07-29T18:18:47+00:00
394280,오픈엣지테크놀로지,2020-01-01,2020-12-31,0350,0,394280/2020.html,c1773be4778aebfce399585a1c23457592e1037328f119068b5f807046c14400,2026-07-29T18:18:47+00:00
394280,오픈엣지테크놀로지,2021-01-01,2021-12-31,0350,0,394280/2021.html,c1773be4778aebfce399585a1c23457592e1037328f119068b5f807046c14400,2026-07-29T18:18:47+00:00
394280,오픈엣지테크놀로지,2022-01-01,2022-12-31,0350,0,394280/2022.html,c1773be4778aebfce399585a1c23457592e1037328f119068b5f807046c14400,2026-07-29T18:18:47+00:00
394280,오픈엣지테크놀로지,2023-01-01,2023-12-31,0350,0,394280/2023.html,c1773be4778aebfce399585a1c23457592e1037328f119068b5f807046c14400,2026-07-29T18:18:47+00:00
394280,오픈엣지테크놀로지,2024-01-01,2024-12-31,0350,0,394280/2024.html,c1773be4778aebfce399585a1c23457592e1037328f119068b5f807046c14400,2026-07-29T18:18:47+00:00
394280,오픈엣지테크놀로지,2025-01-01,2025-12-31,0350,0,394280/2025.html,c1773be4778aebfce399585a1c23457592e1037328f119068b5f807046c14400,2026-07-29T18:18:47+00:00
394280,오픈엣지테크놀로지,2026-01-01,2026-07-30,0350,0,394280/2026.html,c1773be4778aebfce399585a1c23457592e1037328f119068b5f807046c14400,2026-07-29T18:18:47+00:00
039030,이오테크닉스,2020-01-01,2020-12-31,0350,0,039030/2020.html,c1773be4778aebfce399585a1c23457592e1037328f119068b5f807046c14400,2026-07-29T18:18:47+00:00
039030,이오테크닉스,2021-01-01,2021-12-31,0350,0,039030/2021.html,c1773be4778aebfce399585a1c23457592e1037328f119068b5f807046c14400,2026-07-29T18:18:47+00:00
039030,이오테크닉스,2022-01-01,2022-12-31,0350,0,039030/2022.html,c1773be4778aebfce399585a1c23457592e1037328f119068b5f807046c14400,2026-07-29T18:18:47+00:00
039030,이오테크닉스,2023-01-01,2023-12-31,0350,0,039030/2023.html,c1773be4778aebfce399585a1c23457592e1037328f119068b5f807046c14400,2026-07-29T18:18:47+00:00
039030,이오테크닉스,2024-01-01,2024-12-31,0350,0,039030/2024.html,c1773be4778aebfce399585a1c23457592e1037328f119068b5f807046c14400,2026-07-29T18:18:47+00:00
039030,이오테크닉스,2025-01-01,2025-12-31,0350,0,039030/2025.html,c1773be4778aebfce399585a1c23457592e1037328f119068b5f807046c14400,2026-07-29T18:18:47+00:00
039030,이오테크닉스,2026-01-01,2026-07-30,0350,0,039030/2026.html,c1773be4778aebfce399585a1c23457592e1037328f119068b5f807046c14400,2026-07-29T18:18:47+00:00
322310,오로스테크놀로지,2020-01-01,2020-12-31,0350,0,322310/2020.html,c1773be4778aebfce399585a1c23457592e1037328f119068b5f807046c14400,2026-07-29T18:18:47+00:00
322310,오로스테크놀로지,2021-01-01,2021-12-31,0350,0,322310/2021.html,c1773be4778aebfce399585a1c23457592e1037328f119068b5f807046c14400,2026-07-29T18:18:47+00:00
322310,오로스테크놀로지,2022-01-01,2022-12-31,0350,0,322310/2022.html,c1773be4778aebfce399585a1c23457592e1037328f119068b5f807046c14400,2026-07-29T18:18:47+00:00
322310,오로스테크놀로지,2023-01-01,2023-12-31,0350,0,322310/2023.html,c1773be4778aebfce399585a1c23457592e1037328f119068b5f807046c14400,2026-07-29T18:18:47+00:00
322310,오로스테크놀로지,2024-01-01,2024-12-31,0350,0,322310/2024.html,c1773be4778aebfce399585a1c23457592e1037328f119068b5f807046c14400,2026-07-29T18:18:47+00:00
322310,오로스테크놀로지,2025-01-01,2025-12-31,0350,0,322310/2025.html,c1773be4778aebfce399585a1c23457592e1037328f119068b5f807046c14400,2026-07-29T18:18:47+00:00
322310,오로스테크놀로지,2026-01-01,2026-07-30,0350,0,322310/2026.html,c1773be4778aebfce399585a1c23457592e1037328f119068b5f807046c14400,2026-07-29T18:18:47+00:00
064290,인텍플러스,2020-01-01,2020-12-31,0350,0,064290/2020.html,c1773be4778aebfce399585a1c23457592e1037328f119068b5f807046c14400,2026-07-29T18:18:47+00:00
064290,인텍플러스,2021-01-01,2021-12-31,0350,0,064290/2021.html,c1773be4778aebfce399585a1c23457592e1037328f119068b5f807046c14400,2026-07-29T18:18:47+00:00
064290,인텍플러스,2022-01-01,2022-12-31,0350,0,064290/2022.html,c1773be4778aebfce399585a1c23457592e1037328f119068b5f807046c14400,2026-07-29T18:18:47+00:00
064290,인텍플러스,2023-01-01,2023-12-31,0350,0,064290/2023.html,c1773be4778aebfce399585a1c23457592e1037328f119068b5f807046c14400,2026-07-29T18:18:47+00:00
064290,인텍플러스,2024-01-01,2024-12-31,0350,0,064290/2024.html,c1773be4778aebfce399585a1c23457592e1037328f119068b5f807046c14400,2026-07-29T18:18:47+00:00
064290,인텍플러스,2025-01-01,2025-12-31,0350,0,064290/2025.html,c1773be4778aebfce399585a1c23457592e1037328f119068b5f807046c14400,2026-07-29T18:18:47+00:00
064290,인텍플러스,2026-01-01,2026-07-30,0350,0,064290/2026.html,c1773be4778aebfce399585a1c23457592e1037328f119068b5f807046c14400,2026-07-29T18:18:47+00:00
131290,티에스이,2020-01-01,2020-12-31,0350,0,131290/2020.html,c1773be4778aebfce399585a1c23457592e1037328f119068b5f807046c14400,2026-07-29T18:18:47+00:00
131290,티에스이,2021-01-01,2021-12-31,0350,0,131290/2021.html,c1773be4778aebfce399585a1c23457592e1037328f119068b5f807046c14400,2026-07-29T18:18:47+00:00
131290,티에스이,2022-01-01,2022-12-31,0350,0,131290/2022.html,c1773be4778aebfce399585a1c23457592e1037328f119068b5f807046c14400,2026-07-29T18:18:47+00:00
131290,티에스이,2023-01-01,2023-12-31,0350,0,131290/2023.html,c1773be4778aebfce399585a1c23457592e1037328f119068b5f807046c14400,2026-07-29T18:18:47+00:00
131290,티에스이,2024-01-01,2024-12-31,0350,0,131290/2024.html,c1773be4778aebfce399585a1c23457592e1037328f119068b5f807046c14400,2026-07-29T18:18:47+00:00
131290,티에스이,2025-01-01,2025-12-31,0350,0,131290/2025.html,c1773be4778aebfce399585a1c23457592e1037328f119068b5f807046c14400,2026-07-29T18:18:47+00:00
131290,티에스이,2026-01-01,2026-07-30,0350,0,131290/2026.html,c1773be4778aebfce399585a1c23457592e1037328f119068b5f807046c14400,2026-07-29T18:18:47+00:00
253590,네오셈,2020-01-01,2020-12-31,0350,0,253590/2020.html,c1773be4778aebfce399585a1c23457592e1037328f119068b5f807046c14400,2026-07-29T18:18:47+00:00
253590,네오셈,2021-01-01,2021-12-31,0350,0,253590/2021.html,c1773be4778aebfce399585a1c23457592e1037328f119068b5f807046c14400,2026-07-29T18:18:47+00:00
253590,네오셈,2022-01-01,2022-12-31,0350,0,253590/2022.html,c1773be4778aebfce399585a1c23457592e1037328f119068b5f807046c14400,2026-07-29T18:18:47+00:00
253590,네오셈,2023-01-01,2023-12-31,0350,0,253590/2023.html,c1773be4778aebfce399585a1c23457592e1037328f119068b5f807046c14400,2026-07-29T18:18:47+00:00
253590,네오셈,2024-01-01,2024-12-31,0350,0,253590/2024.html,c1773be4778aebfce399585a1c23457592e1037328f119068b5f807046c14400,2026-07-29T18:18:47+00:00
253590,네오셈,2025-01-01,2025-12-31,0350,0,253590/2025.html,c1773be4778aebfce399585a1c23457592e1037328f119068b5f807046c14400,2026-07-29T18:18:47+00:00
253590,네오셈,2026-01-01,2026-07-30,0350,0,253590/2026.html,c1773be4778aebfce399585a1c23457592e1037328f119068b5f807046c14400,2026-07-29T18:18:47+00:00
086390,유니테스트,2020-01-01,2020-12-31,0350,0,086390/2020.html,c1773be4778aebfce399585a1c23457592e1037328f119068b5f807046c14400,2026-07-29T18:18:47+00:00
086390,유니테스트,2021-01-01,2021-12-31,0350,0,086390/2021.html,c1773be4778aebfce399585a1c23457592e1037328f119068b5f807046c14400,2026-07-29T18:18:47+00:00
086390,유니테스트,2022-01-01,2022-12-31,0350,0,086390/2022.html,c1773be4778aebfce399585a1c23457592e1037328f119068b5f807046c14400,2026-07-29T18:18:47+00:00
086390,유니테스트,2023-01-01,2023-12-31,0350,0,086390/2023.html,c1773be4778aebfce399585a1c23457592e1037328f119068b5f807046c14400,2026-07-29T18:18:47+00:00
086390,유니테스트,2024-01-01,2024-12-31,0350,0,086390/2024.html,c1773be4778aebfce399585a1c23457592e1037328f119068b5f807046c14400,2026-07-29T18:18:47+00:00
086390,유니테스트,2025-01-01,2025-12-31,0350,0,086390/2025.html,c1773be4778aebfce399585a1c23457592e1037328f119068b5f807046c14400,2026-07-29T18:18:47+00:00
086390,유니테스트,2026-01-01,2026-07-30,0350,0,086390/2026.html,c1773be4778aebfce399585a1c23457592e1037328f119068b5f807046c14400,2026-07-29T18:18:47+00:00
003160,디아이,2020-01-01,2020-12-31,0350,0,003160/2020.html,c1773be4778aebfce399585a1c23457592e1037328f119068b5f807046c14400,2026-07-29T18:18:47+00:00
003160,디아이,2021-01-01,2021-12-31,0350,0,003160/2021.html,c1773be4778aebfce399585a1c23457592e1037328f119068b5f807046c14400,2026-07-29T18:18:47+00:00
003160,디아이,2022-01-01,2022-12-31,0350,0,003160/2022.html,c1773be4778aebfce399585a1c23457592e1037328f119068b5f807046c14400,2026-07-29T18:18:47+00:00
003160,디아이,2023-01-01,2023-12-31,0350,0,003160/2023.html,c1773be4778aebfce399585a1c23457592e1037328f119068b5f807046c14400,2026-07-29T18:18:47+00:00
003160,디아이,2024-01-01,2024-12-31,0350,0,003160/2024.html,c1773be4778aebfce399585a1c23457592e1037328f119068b5f807046c14400,2026-07-29T18:18:47+00:00
003160,디아이,2025-01-01,2025-12-31,0350,0,003160/2025.html,c1773be4778aebfce399585a1c23457592e1037328f119068b5f807046c14400,2026-07-29T18:18:47+00:00
003160,디아이,2026-01-01,2026-07-30,0350,0,003160/2026.html,c1773be4778aebfce399585a1c23457592e1037328f119068b5f807046c14400,2026-07-29T18:18:47+00:00
348210,넥스틴,2020-01-01,2020-12-31,0350,0,348210/2020.html,c1773be4778aebfce399585a1c23457592e1037328f119068b5f807046c14400,2026-07-29T18:18:47+00:00
348210,넥스틴,2021-01-01,2021-12-31,0350,0,348210/2021.html,c1773be4778aebfce399585a1c23457592e1037328f119068b5f807046c14400,2026-07-29T18:18:47+00:00
348210,넥스틴,2022-01-01,2022-12-31,0350,0,348210/2022.html,c1773be4778aebfce399585a1c23457592e1037328f119068b5f807046c14400,2026-07-29T18:18:47+00:00
348210,넥스틴,2023-01-01,2023-12-31,0350,0,348210/2023.html,c1773be4778aebfce399585a1c23457592e1037328f119068b5f807046c14400,2026-07-29T18:18:47+00:00
348210,넥스틴,2024-01-01,2024-12-31,0350,0,348210/2024.html,c1773be4778aebfce399585a1c23457592e1037328f119068b5f807046c14400,2026-07-29T18:18:47+00:00
348210,넥스틴,2025-01-01,2025-12-31,0350,0,348210/2025.html,c1773be4778aebfce399585a1c23457592e1037328f119068b5f807046c14400,2026-07-29T18:18:47+00:00
348210,넥스틴,2026-01-01,2026-07-30,0350,0,348210/2026.html,c1773be4778aebfce399585a1c23457592e1037328f119068b5f807046c14400,2026-07-29T18:18:47+00:00
036540,SFA반도체,2020-01-01,2020-12-31,0350,0,036540/2020.html,c1773be4778aebfce399585a1c23457592e1037328f119068b5f807046c14400,2026-07-29T18:18:47+00:00
036540,SFA반도체,2021-01-01,2021-12-31,0350,0,036540/2021.html,c1773be4778aebfce399585a1c23457592e1037328f119068b5f807046c14400,2026-07-29T18:18:47+00:00
036540,SFA반도체,2022-01-01,2022-12-31,0350,0,036540/2022.html,c1773be4778aebfce399585a1c23457592e1037328f119068b5f807046c14400,2026-07-29T18:18:47+00:00
036540,SFA반도체,2023-01-01,2023-12-31,0350,0,036540/2023.html,c1773be4778aebfce399585a1c23457592e1037328f119068b5f807046c14400,2026-07-29T18:18:47+00:00
036540,SFA반도체,2024-01-01,2024-12-31,0350,0,036540/2024.html,c1773be4778aebfce399585a1c23457592e1037328f119068b5f807046c14400,2026-07-29T18:18:47+00:00
036540,SFA반도체,2025-01-01,2025-12-31,0350,0,036540/2025.html,c1773be4778aebfce399585a1c23457592e1037328f119068b5f807046c14400,2026-07-29T18:18:47+00:00
036540,SFA반도체,2026-01-01,2026-07-30,0350,0,036540/2026.html,c1773be4778aebfce399585a1c23457592e1037328f119068b5f807046c14400,2026-07-29T18:18:47+00:00
061970,LB세미콘,2020-01-01,2020-12-31,0350,0,061970/2020.html,c1773be4778aebfce399585a1c23457592e1037328f119068b5f807046c14400,2026-07-29T18:18:47+00:00
061970,LB세미콘,2021-01-01,2021-12-31,0350,0,061970/2021.html,c1773be4778aebfce399585a1c23457592e1037328f119068b5f807046c14400,2026-07-29T18:18:47+00:00
061970,LB세미콘,2022-01-01,2022-12-31,0350,0,061970/2022.html,c1773be4778aebfce399585a1c23457592e1037328f119068b5f807046c14400,2026-07-29T18:18:47+00:00
061970,LB세미콘,2023-01-01,2023-12-31,0350,0,061970/2023.html,c1773be4778aebfce399585a1c23457592e1037328f119068b5f807046c14400,2026-07-29T18:18:47+00:00
061970,LB세미콘,2024-01-01,2024-12-31,0350,0,061970/2024.html,c1773be4778aebfce399585a1c23457592e1037328f119068b5f807046c14400,2026-07-29T18:18:47+00:00
061970,LB세미콘,2025-01-01,2025-12-31,0350,0,061970/2025.html,c1773be4778aebfce399585a1c23457592e1037328f119068b5f807046c14400,2026-07-29T18:18:47+00:00
061970,LB세미콘,2026-01-01,2026-07-30,0350,0,061970/2026.html,c1773be4778aebfce399585a1c23457592e1037328f119068b5f807046c14400,2026-07-29T18:18:47+00:00
195870,해성디에스,2020-01-01,2020-12-31,0350,0,195870/2020.html,c1773be4778aebfce399585a1c23457592e1037328f119068b5f807046c14400,2026-07-29T18:18:47+00:00
195870,해성디에스,2021-01-01,2021-12-31,0350,0,195870/2021.html,c1773be4778aebfce399585a1c23457592e1037328f119068b5f807046c14400,2026-07-29T18:18:47+00:00
195870,해성디에스,2022-01-01,2022-12-31,0350,0,195870/2022.html,c1773be4778aebfce399585a1c23457592e1037328f119068b5f807046c14400,2026-07-29T18:18:47+00:00
195870,해성디에스,2023-01-01,2023-12-31,0350,0,195870/2023.html,c1773be4778aebfce399585a1c23457592e1037328f119068b5f807046c14400,2026-07-29T18:18:47+00:00
195870,해성디에스,2024-01-01,2024-12-31,0350,0,195870/2024.html,c1773be4778aebfce399585a1c23457592e1037328f119068b5f807046c14400,2026-07-29T18:18:47+00:00
195870,해성디에스,2025-01-01,2025-12-31,0350,0,195870/2025.html,c1773be4778aebfce399585a1c23457592e1037328f119068b5f807046c14400,2026-07-29T18:18:47+00:00
195870,해성디에스,2026-01-01,2026-07-30,0350,0,195870/2026.html,c1773be4778aebfce399585a1c23457592e1037328f119068b5f807046c14400,2026-07-29T18:18:47+00:00
005290,동진쎄미켐,2020-01-01,2020-12-31,0350,0,005290/2020.html,c1773be4778aebfce399585a1c23457592e1037328f119068b5f807046c14400,2026-07-29T18:18:47+00:00
005290,동진쎄미켐,2021-01-01,2021-12-31,0350,0,005290/2021.html,c1773be4778aebfce399585a1c23457592e1037328f119068b5f807046c14400,2026-07-29T18:18:47+00:00
005290,동진쎄미켐,2022-01-01,2022-12-31,0350,0,005290/2022.html,c1773be4778aebfce399585a1c23457592e1037328f119068b5f807046c14400,2026-07-29T18:18:47+00:00
005290,동진쎄미켐,2023-01-01,2023-12-31,0350,0,005290/2023.html,c1773be4778aebfce399585a1c23457592e1037328f119068b5f807046c14400,2026-07-29T18:18:47+00:00
005290,동진쎄미켐,2024-01-01,2024-12-31,0350,0,005290/2024.html,c1773be4778aebfce399585a1c23457592e1037328f119068b5f807046c14400,2026-07-29T18:18:47+00:00
005290,동진쎄미켐,2025-01-01,2025-12-31,0350,0,005290/2025.html,c1773be4778aebfce399585a1c23457592e1037328f119068b5f807046c14400,2026-07-29T18:18:47+00:00
005290,동진쎄미켐,2026-01-01,2026-07-30,0350,0,005290/2026.html,c1773be4778aebfce399585a1c23457592e1037328f119068b5f807046c14400,2026-07-29T18:18:47+00:00
166090,하나머티리얼즈,2020-01-01,2020-12-31,0350,0,166090/2020.html,c1773be4778aebfce399585a1c23457592e1037328f119068b5f807046c14400,2026-07-29T18:18:47+00:00
166090,하나머티리얼즈,2021-01-01,2021-12-31,0350,0,166090/2021.html,c1773be4778aebfce399585a1c23457592e1037328f119068b5f807046c14400,2026-07-29T18:18:47+00:00
166090,하나머티리얼즈,2022-01-01,2022-12-31,0350,0,166090/2022.html,c1773be4778aebfce399585a1c23457592e1037328f119068b5f807046c14400,2026-07-29T18:18:47+00:00
166090,하나머티리얼즈,2023-01-01,2023-12-31,0350,0,166090/2023.html,c1773be4778aebfce399585a1c23457592e1037328f119068b5f807046c14400,2026-07-29T18:18:47+00:00
166090,하나머티리얼즈,2024-01-01,2024-12-31,0350,0,166090/2024.html,c1773be4778aebfce399585a1c23457592e1037328f119068b5f807046c14400,2026-07-29T18:18:47+00:00
166090,하나머티리얼즈,2025-01-01,2025-12-31,0350,0,166090/2025.html,c1773be4778aebfce399585a1c23457592e1037328f119068b5f807046c14400,2026-07-29T18:18:47+00:00
166090,하나머티리얼즈,2026-01-01,2026-07-30,0350,0,166090/2026.html,c1773be4778aebfce399585a1c23457592e1037328f119068b5f807046c14400,2026-07-29T18:18:47+00:00
104830,원익머트리얼즈,2020-01-01,2020-12-31,0350,0,104830/2020.html,c1773be4778aebfce399585a1c23457592e1037328f119068b5f807046c14400,2026-07-29T18:18:47+00:00
104830,원익머트리얼즈,2021-01-01,2021-12-31,0350,0,104830/2021.html,c1773be4778aebfce399585a1c23457592e1037328f119068b5f807046c14400,2026-07-29T18:18:47+00:00
104830,원익머트리얼즈,2022-01-01,2022-12-31,0350,0,104830/2022.html,c1773be4778aebfce399585a1c23457592e1037328f119068b5f807046c14400,2026-07-29T18:18:47+00:00
104830,원익머트리얼즈,2023-01-01,2023-12-31,0350,0,104830/2023.html,c1773be4778aebfce399585a1c23457592e1037328f119068b5f807046c14400,2026-07-29T18:18:47+00:00
104830,원익머트리얼즈,2024-01-01,2024-12-31,0350,0,104830/2024.html,c1773be4778aebfce399585a1c23457592e1037328f119068b5f807046c14400,2026-07-29T18:18:47+00:00
104830,원익머트리얼즈,2025-01-01,2025-12-31,0350,0,104830/2025.html,c1773be4778aebfce399585a1c23457592e1037328f119068b5f807046c14400,2026-07-29T18:18:47+00:00
104830,원익머트리얼즈,2026-01-01,2026-07-30,0350,0,104830/2026.html,c1773be4778aebfce399585a1c23457592e1037328f119068b5f807046c14400,2026-07-29T18:18:47+00:00
425040,티이엠씨,2020-01-01,2020-12-31,0350,0,425040/2020.html,c1773be4778aebfce399585a1c23457592e1037328f119068b5f807046c14400,2026-07-29T18:18:47+00:00
425040,티이엠씨,2021-01-01,2021-12-31,0350,0,425040/2021.html,c1773be4778aebfce399585a1c23457592e1037328f119068b5f807046c14400,2026-07-29T18:18:47+00:00
425040,티이엠씨,2022-01-01,2022-12-31,0350,0,425040/2022.html,c1773be4778aebfce399585a1c23457592e1037328f119068b5f807046c14400,2026-07-29T18:18:47+00:00
425040,티이엠씨,2023-01-01,2023-12-31,0350,0,425040/2023.html,c1773be4778aebfce399585a1c23457592e1037328f119068b5f807046c14400,2026-07-29T18:18:47+00:00
425040,티이엠씨,2024-01-01,2024-12-31,0350,0,425040/2024.html,c1773be4778aebfce399585a1c23457592e1037328f119068b5f807046c14400,2026-07-29T18:18:47+00:00
425040,티이엠씨,2025-01-01,2025-12-31,0350,0,425040/2025.html,c1773be4778aebfce399585a1c23457592e1037328f119068b5f807046c14400,2026-07-29T18:18:47+00:00
425040,티이엠씨,2026-01-01,2026-07-30,0350,0,425040/2026.html,c1773be4778aebfce399585a1c23457592e1037328f119068b5f807046c14400,2026-07-29T18:18:47+00:00
281820,케이씨텍,2020-01-01,2020-12-31,0350,0,281820/2020.html,c1773be4778aebfce399585a1c23457592e1037328f119068b5f807046c14400,2026-07-29T18:18:47+00:00
281820,케이씨텍,2021-01-01,2021-12-31,0350,0,281820/2021.html,c1773be4778aebfce399585a1c23457592e1037328f119068b5f807046c14400,2026-07-29T18:18:47+00:00
281820,케이씨텍,2022-01-01,2022-12-31,0350,0,281820/2022.html,c1773be4778aebfce399585a1c23457592e1037328f119068b5f807046c14400,2026-07-29T18:18:47+00:00
281820,케이씨텍,2023-01-01,2023-12-31,0350,0,281820/2023.html,c1773be4778aebfce399585a1c23457592e1037328f119068b5f807046c14400,2026-07-29T18:18:47+00:00
281820,케이씨텍,2024-01-01,2024-12-31,0350,0,281820/2024.html,c1773be4778aebfce399585a1c23457592e1037328f119068b5f807046c14400,2026-07-29T18:18:47+00:00
281820,케이씨텍,2025-01-01,2025-12-31,0350,0,281820/2025.html,c1773be4778aebfce399585a1c23457592e1037328f119068b5f807046c14400,2026-07-29T18:18:47+00:00
281820,케이씨텍,2026-01-01,2026-07-30,0350,0,281820/2026.html,c1773be4778aebfce399585a1c23457592e1037328f119068b5f807046c14400,2026-07-29T18:18:47+00:00
036930,주성엔지니어링,2020-01-01,2020-12-31,0350,0,036930/2020.html,c1773be4778aebfce399585a1c23457592e1037328f119068b5f807046c14400,2026-07-29T18:18:47+00:00
036930,주성엔지니어링,2021-01-01,2021-12-31,0350,0,036930/2021.html,c1773be4778aebfce399585a1c23457592e1037328f119068b5f807046c14400,2026-07-29T18:18:47+00:00
036930,주성엔지니어링,2022-01-01,2022-12-31,0350,0,036930/2022.html,c1773be4778aebfce399585a1c23457592e1037328f119068b5f807046c14400,2026-07-29T18:18:47+00:00
036930,주성엔지니어링,2023-01-01,2023-12-31,0350,0,036930/2023.html,c1773be4778aebfce399585a1c23457592e1037328f119068b5f807046c14400,2026-07-29T18:18:47+00:00
036930,주성엔지니어링,2024-01-01,2024-12-31,0350,0,036930/2024.html,c1773be4778aebfce399585a1c23457592e1037328f119068b5f807046c14400,2026-07-29T18:18:47+00:00
036930,주성엔지니어링,2025-01-01,2025-12-31,0350,0,036930/2025.html,c1773be4778aebfce399585a1c23457592e1037328f119068b5f807046c14400,2026-07-29T18:18:47+00:00
036930,주성엔지니어링,2026-01-01,2026-07-30,0350,0,036930/2026.html,c1773be4778aebfce399585a1c23457592e1037328f119068b5f807046c14400,2026-07-29T18:18:47+00:00
007660,이수페타시스,2020-01-01,2020-12-31,0350,0,007660/2020.html,c1773be4778aebfce399585a1c23457592e1037328f119068b5f807046c14400,2026-07-29T18:18:47+00:00
007660,이수페타시스,2021-01-01,2021-12-31,0350,0,007660/2021.html,c1773be4778aebfce399585a1c23457592e1037328f119068b5f807046c14400,2026-07-29T18:18:47+00:00
007660,이수페타시스,2022-01-01,2022-12-31,0350,0,007660/2022.html,c1773be4778aebfce399585a1c23457592e1037328f119068b5f807046c14400,2026-07-29T18:18:47+00:00
007660,이수페타시스,2023-01-01,2023-12-31,0350,0,007660/2023.html,c1773be4778aebfce399585a1c23457592e1037328f119068b5f807046c14400,2026-07-29T18:18:47+00:00
007660,이수페타시스,2024-01-01,2024-12-31,0350,0,007660/2024.html,c1773be4778aebfce399585a1c23457592e1037328f119068b5f807046c14400,2026-07-29T18:18:47+00:00
007660,이수페타시스,2025-01-01,2025-12-31,0350,0,007660/2025.html,c1773be4778aebfce399585a1c23457592e1037328f119068b5f807046c14400,2026-07-29T18:18:47+00:00
007660,이수페타시스,2026-01-01,2026-07-30,0350,0,007660/2026.html,c1773be4778aebfce399585a1c23457592e1037328f119068b5f807046c14400,2026-07-29T18:18:47+00:00
