ticker,name,disclosed_at,fiscal_year,sector,hbm_massproduction,hbm_exposure,mem_ratio,process_confirmed,committee_ok,free_float,source,admin_issue,_주요제품,_핸도버2026bucket
000660,SK하이닉스,2020-03-31,2019,메모리제조,,,,,,0.7389,HBM_value_33 CSV(유동비율(대용:익년Q1)) + DART FY2019 사업보고서 판정 TODO,False,"반도체,컴퓨터,통신기기 제조,도매",anchor
000660,SK하이닉스,2021-03-31,2020,메모리제조,,,,,,0.7389,HBM_value_33 CSV(유동비율) + DART FY2020 사업보고서 판정 TODO,False,"반도체,컴퓨터,통신기기 제조,도매",anchor
000660,SK하이닉스,2022-03-31,2021,메모리제조,,,,,,0.7438,HBM_value_33 CSV(유동비율) + DART FY2021 사업보고서 판정 TODO,False,"반도체,컴퓨터,통신기기 제조,도매",anchor
000660,SK하이닉스,2023-03-31,2022,메모리제조,,,,,,0.7439,HBM_value_33 CSV(유동비율) + DART FY2022 사업보고서 판정 TODO,False,"반도체,컴퓨터,통신기기 제조,도매",anchor
000660,SK하이닉스,2024-03-31,2023,메모리제조,,,,,,0.7445,HBM_value_33 CSV(유동비율) + DART FY2023 사업보고서 판정 TODO,False,"반도체,컴퓨터,통신기기 제조,도매",anchor
000660,SK하이닉스,2025-03-31,2024,메모리제조,,,,,,0.7458,HBM_value_33 CSV(유동비율) + DART FY2024 사업보고서 판정 TODO,False,"반도체,컴퓨터,통신기기 제조,도매",anchor
000660,SK하이닉스,2026-03-31,2025,메모리제조,,,,,,0.7632,HBM_value_33 CSV(유동비율) + DART FY2025 사업보고서 판정 TODO,False,"반도체,컴퓨터,통신기기 제조,도매",anchor
003160,디아이,2020-03-31,2019,"측정, 시험, 항해, 제어 및 기타 정밀기기 제조업; 광학기기 제외",,,,,,0.5681,HBM_value_33 CSV(유동비율(대용:익년Q1)) + DART FY2019 사업보고서 판정 TODO,False,"반도체검사장비,전자부품,레저용품,석제품 제조,판매,오파,부동산임대업",core
003160,디아이,2021-03-31,2020,"측정, 시험, 항해, 제어 및 기타 정밀기기 제조업; 광학기기 제외",,,,,,0.3815,HBM_value_33 CSV(유동비율) + DART FY2020 사업보고서 판정 TODO,False,"반도체검사장비,전자부품,레저용품,석제품 제조,판매,오파,부동산임대업",core
003160,디아이,2022-03-31,2021,"측정, 시험, 항해, 제어 및 기타 정밀기기 제조업; 광학기기 제외",,,,,,0.3815,HBM_value_33 CSV(유동비율) + DART FY2021 사업보고서 판정 TODO,False,"반도체검사장비,전자부품,레저용품,석제품 제조,판매,오파,부동산임대업",core
003160,디아이,2023-03-31,2022,"측정, 시험, 항해, 제어 및 기타 정밀기기 제조업; 광학기기 제외",,,,,,0.5375,HBM_value_33 CSV(유동비율) + DART FY2022 사업보고서 판정 TODO,False,"반도체검사장비,전자부품,레저용품,석제품 제조,판매,오파,부동산임대업",core
003160,디아이,2024-03-31,2023,"측정, 시험, 항해, 제어 및 기타 정밀기기 제조업; 광학기기 제외",,,,,,0.5375,HBM_value_33 CSV(유동비율) + DART FY2023 사업보고서 판정 TODO,False,"반도체검사장비,전자부품,레저용품,석제품 제조,판매,오파,부동산임대업",core
003160,디아이,2025-03-31,2024,"측정, 시험, 항해, 제어 및 기타 정밀기기 제조업; 광학기기 제외",,,,,,0.546,HBM_value_33 CSV(유동비율) + DART FY2024 사업보고서 판정 TODO,False,"반도체검사장비,전자부품,레저용품,석제품 제조,판매,오파,부동산임대업",core
003160,디아이,2026-03-31,2025,"측정, 시험, 항해, 제어 및 기타 정밀기기 제조업; 광학기기 제외",,,,,,0.546,HBM_value_33 CSV(유동비율) + DART FY2025 사업보고서 판정 TODO,False,"반도체검사장비,전자부품,레저용품,석제품 제조,판매,오파,부동산임대업",core
005290,동진쎄미켐,2020-03-31,2019,기초 화학물질 제조업,,,,,,0.6131,HBM_value_33 CSV(유동비율(대용:익년Q1)) + DART FY2019 사업보고서 판정 TODO,False,"반도체,LCD용재료(감광제,봉지제),발포제",
005290,동진쎄미켐,2021-03-31,2020,기초 화학물질 제조업,,,,,,0.6061,HBM_value_33 CSV(유동비율) + DART FY2020 사업보고서 판정 TODO,False,"반도체,LCD용재료(감광제,봉지제),발포제",
005290,동진쎄미켐,2022-03-31,2021,기초 화학물질 제조업,,,,,,0.6138,HBM_value_33 CSV(유동비율) + DART FY2021 사업보고서 판정 TODO,False,"반도체,LCD용재료(감광제,봉지제),발포제",
005290,동진쎄미켐,2023-03-31,2022,기초 화학물질 제조업,,,,,,0.6138,HBM_value_33 CSV(유동비율) + DART FY2022 사업보고서 판정 TODO,False,"반도체,LCD용재료(감광제,봉지제),발포제",
005290,동진쎄미켐,2024-03-31,2023,기초 화학물질 제조업,,,,,,0.6138,HBM_value_33 CSV(유동비율) + DART FY2023 사업보고서 판정 TODO,False,"반도체,LCD용재료(감광제,봉지제),발포제",
005290,동진쎄미켐,2025-03-31,2024,기초 화학물질 제조업,,,,,,0.6138,HBM_value_33 CSV(유동비율) + DART FY2024 사업보고서 판정 TODO,False,"반도체,LCD용재료(감광제,봉지제),발포제",
005290,동진쎄미켐,2026-03-31,2025,기초 화학물질 제조업,,,,,,0.6133,HBM_value_33 CSV(유동비율) + DART FY2025 사업보고서 판정 TODO,False,"반도체,LCD용재료(감광제,봉지제),발포제",
005930,삼성전자,2020-03-31,2019,메모리제조,,,,,,0.7879,HBM_value_33 CSV(유동비율(대용:익년Q1)) + DART FY2019 사업보고서 판정 TODO,False,"통신 및 방송 장비 제조(무선) 제품, 반도체 제조(메모리) 제품, 전자부품 제조(디스플레이) 제품, 영상 및 음향기기 제조(영상기기) 제품 등",anchor
005930,삼성전자,2021-03-31,2020,메모리제조,,,,,,0.7882,HBM_value_33 CSV(유동비율) + DART FY2020 사업보고서 판정 TODO,False,"통신 및 방송 장비 제조(무선) 제품, 반도체 제조(메모리) 제품, 전자부품 제조(디스플레이) 제품, 영상 및 음향기기 제조(영상기기) 제품 등",anchor
005930,삼성전자,2022-03-31,2021,메모리제조,,,,,,0.7886,HBM_value_33 CSV(유동비율) + DART FY2021 사업보고서 판정 TODO,False,"통신 및 방송 장비 제조(무선) 제품, 반도체 제조(메모리) 제품, 전자부품 제조(디스플레이) 제품, 영상 및 음향기기 제조(영상기기) 제품 등",anchor
005930,삼성전자,2023-03-31,2022,메모리제조,,,,,,0.7926,HBM_value_33 CSV(유동비율) + DART FY2022 사업보고서 판정 TODO,False,"통신 및 방송 장비 제조(무선) 제품, 반도체 제조(메모리) 제품, 전자부품 제조(디스플레이) 제품, 영상 및 음향기기 제조(영상기기) 제품 등",anchor
005930,삼성전자,2024-03-31,2023,메모리제조,,,,,,0.8115,HBM_value_33 CSV(유동비율) + DART FY2023 사업보고서 판정 TODO,False,"통신 및 방송 장비 제조(무선) 제품, 반도체 제조(메모리) 제품, 전자부품 제조(디스플레이) 제품, 영상 및 음향기기 제조(영상기기) 제품 등",anchor
005930,삼성전자,2025-03-31,2024,메모리제조,,,,,,0.7943,HBM_value_33 CSV(유동비율) + DART FY2024 사업보고서 판정 TODO,False,"통신 및 방송 장비 제조(무선) 제품, 반도체 제조(메모리) 제품, 전자부품 제조(디스플레이) 제품, 영상 및 음향기기 제조(영상기기) 제품 등",anchor
005930,삼성전자,2026-03-31,2025,메모리제조,,,,,,0.7861,HBM_value_33 CSV(유동비율) + DART FY2025 사업보고서 판정 TODO,False,"통신 및 방송 장비 제조(무선) 제품, 반도체 제조(메모리) 제품, 전자부품 제조(디스플레이) 제품, 영상 및 음향기기 제조(영상기기) 제품 등",anchor
007660,이수페타시스,2020-03-31,2019,전자부품 제조업,,,,,,0.6528,HBM_value_33 CSV(유동비율(대용:익년Q1)) + DART FY2019 사업보고서 판정 TODO,False,"P.C.B(인쇄회로기판),M.L.B 제조",
007660,이수페타시스,2021-03-31,2020,전자부품 제조업,,,,,,0.6894,HBM_value_33 CSV(유동비율) + DART FY2020 사업보고서 판정 TODO,False,"P.C.B(인쇄회로기판),M.L.B 제조",
007660,이수페타시스,2022-03-31,2021,전자부품 제조업,,,,,,0.7355,HBM_value_33 CSV(유동비율) + DART FY2021 사업보고서 판정 TODO,False,"P.C.B(인쇄회로기판),M.L.B 제조",
007660,이수페타시스,2023-03-31,2022,전자부품 제조업,,,,,,0.7339,HBM_value_33 CSV(유동비율) + DART FY2022 사업보고서 판정 TODO,False,"P.C.B(인쇄회로기판),M.L.B 제조",
007660,이수페타시스,2024-03-31,2023,전자부품 제조업,,,,,,0.7341,HBM_value_33 CSV(유동비율) + DART FY2023 사업보고서 판정 TODO,False,"P.C.B(인쇄회로기판),M.L.B 제조",
007660,이수페타시스,2025-03-31,2024,전자부품 제조업,,,,,,0.7341,HBM_value_33 CSV(유동비율) + DART FY2024 사업보고서 판정 TODO,False,"P.C.B(인쇄회로기판),M.L.B 제조",
007660,이수페타시스,2026-03-31,2025,전자부품 제조업,,,,,,0.7387,HBM_value_33 CSV(유동비율) + DART FY2025 사업보고서 판정 TODO,False,"P.C.B(인쇄회로기판),M.L.B 제조",
014680,한솔케미칼,2020-03-31,2019,기초 화학물질 제조업,,,,,,0.8314,HBM_value_33 CSV(유동비율(대용:익년Q1)) + DART FY2019 사업보고서 판정 TODO,False,"과산화수소,라텍스,요소수지,수소액화탄산,차아황산소다 제조,판매,디지털카메라용 인화필름 제조,수출",
014680,한솔케미칼,2021-03-31,2020,기초 화학물질 제조업,,,,,,0.8318,HBM_value_33 CSV(유동비율) + DART FY2020 사업보고서 판정 TODO,False,"과산화수소,라텍스,요소수지,수소액화탄산,차아황산소다 제조,판매,디지털카메라용 인화필름 제조,수출",
014680,한솔케미칼,2022-03-31,2021,기초 화학물질 제조업,,,,,,0.8316,HBM_value_33 CSV(유동비율) + DART FY2021 사업보고서 판정 TODO,False,"과산화수소,라텍스,요소수지,수소액화탄산,차아황산소다 제조,판매,디지털카메라용 인화필름 제조,수출",
014680,한솔케미칼,2023-03-31,2022,기초 화학물질 제조업,,,,,,0.8095,HBM_value_33 CSV(유동비율) + DART FY2022 사업보고서 판정 TODO,False,"과산화수소,라텍스,요소수지,수소액화탄산,차아황산소다 제조,판매,디지털카메라용 인화필름 제조,수출",
014680,한솔케미칼,2024-03-31,2023,기초 화학물질 제조업,,,,,,0.8089,HBM_value_33 CSV(유동비율) + DART FY2023 사업보고서 판정 TODO,False,"과산화수소,라텍스,요소수지,수소액화탄산,차아황산소다 제조,판매,디지털카메라용 인화필름 제조,수출",
014680,한솔케미칼,2025-03-31,2024,기초 화학물질 제조업,,,,,,0.8255,HBM_value_33 CSV(유동비율) + DART FY2024 사업보고서 판정 TODO,False,"과산화수소,라텍스,요소수지,수소액화탄산,차아황산소다 제조,판매,디지털카메라용 인화필름 제조,수출",
014680,한솔케미칼,2026-03-31,2025,기초 화학물질 제조업,,,,,,0.8278,HBM_value_33 CSV(유동비율) + DART FY2025 사업보고서 판정 TODO,False,"과산화수소,라텍스,요소수지,수소액화탄산,차아황산소다 제조,판매,디지털카메라용 인화필름 제조,수출",
033160,엠케이전자,2020-03-31,2019,전자부품 제조업,,,,,,0.5993,HBM_value_33 CSV(유동비율(대용:익년Q1)) + DART FY2019 사업보고서 판정 TODO,False,반도체용세금선,
033160,엠케이전자,2021-03-31,2020,전자부품 제조업,,,,,,0.5993,HBM_value_33 CSV(유동비율) + DART FY2020 사업보고서 판정 TODO,False,반도체용세금선,
033160,엠케이전자,2022-03-31,2021,전자부품 제조업,,,,,,0.5993,HBM_value_33 CSV(유동비율) + DART FY2021 사업보고서 판정 TODO,False,반도체용세금선,
033160,엠케이전자,2023-03-31,2022,전자부품 제조업,,,,,,0.5989,HBM_value_33 CSV(유동비율) + DART FY2022 사업보고서 판정 TODO,False,반도체용세금선,
033160,엠케이전자,2024-03-31,2023,전자부품 제조업,,,,,,0.6036,HBM_value_33 CSV(유동비율) + DART FY2023 사업보고서 판정 TODO,False,반도체용세금선,
033160,엠케이전자,2025-03-31,2024,전자부품 제조업,,,,,,0.593,HBM_value_33 CSV(유동비율) + DART FY2024 사업보고서 판정 TODO,False,반도체용세금선,
033160,엠케이전자,2026-03-31,2025,전자부품 제조업,,,,,,0.6054,HBM_value_33 CSV(유동비율) + DART FY2025 사업보고서 판정 TODO,False,반도체용세금선,
036540,SFA반도체,2020-03-31,2019,반도체 제조업,,,,,,0.5148,HBM_value_33 CSV(유동비율(대용:익년Q1)) + DART FY2019 사업보고서 판정 TODO,False,"반도체패키지(SOP,DIP,QFP)",
036540,SFA반도체,2021-03-31,2020,반도체 제조업,,,,,,0.4469,HBM_value_33 CSV(유동비율) + DART FY2020 사업보고서 판정 TODO,False,"반도체패키지(SOP,DIP,QFP)",
036540,SFA반도체,2022-03-31,2021,반도체 제조업,,,,,,0.447,HBM_value_33 CSV(유동비율) + DART FY2021 사업보고서 판정 TODO,False,"반도체패키지(SOP,DIP,QFP)",
036540,SFA반도체,2023-03-31,2022,반도체 제조업,,,,,,0.447,HBM_value_33 CSV(유동비율) + DART FY2022 사업보고서 판정 TODO,False,"반도체패키지(SOP,DIP,QFP)",
036540,SFA반도체,2024-03-31,2023,반도체 제조업,,,,,,0.447,HBM_value_33 CSV(유동비율) + DART FY2023 사업보고서 판정 TODO,False,"반도체패키지(SOP,DIP,QFP)",
036540,SFA반도체,2025-03-31,2024,반도체 제조업,,,,,,0.4471,HBM_value_33 CSV(유동비율) + DART FY2024 사업보고서 판정 TODO,False,"반도체패키지(SOP,DIP,QFP)",
036540,SFA반도체,2026-03-31,2025,반도체 제조업,,,,,,0.4471,HBM_value_33 CSV(유동비율) + DART FY2025 사업보고서 판정 TODO,False,"반도체패키지(SOP,DIP,QFP)",
036930,주성엔지니어링,2020-03-31,2019,특수 목적용 기계 제조업,,,,,,0.7218,HBM_value_33 CSV(유동비율(대용:익년Q1)) + DART FY2019 사업보고서 판정 TODO,False,LP CVD,
036930,주성엔지니어링,2021-03-31,2020,특수 목적용 기계 제조업,,,,,,0.7103,HBM_value_33 CSV(유동비율) + DART FY2020 사업보고서 판정 TODO,False,LP CVD,
036930,주성엔지니어링,2022-03-31,2021,특수 목적용 기계 제조업,,,,,,0.7104,HBM_value_33 CSV(유동비율) + DART FY2021 사업보고서 판정 TODO,False,LP CVD,
036930,주성엔지니어링,2023-03-31,2022,특수 목적용 기계 제조업,,,,,,0.7031,HBM_value_33 CSV(유동비율) + DART FY2022 사업보고서 판정 TODO,False,LP CVD,
036930,주성엔지니어링,2024-03-31,2023,특수 목적용 기계 제조업,,,,,,0.6901,HBM_value_33 CSV(유동비율) + DART FY2023 사업보고서 판정 TODO,False,LP CVD,
036930,주성엔지니어링,2025-03-31,2024,특수 목적용 기계 제조업,,,,,,0.6705,HBM_value_33 CSV(유동비율) + DART FY2024 사업보고서 판정 TODO,False,LP CVD,
036930,주성엔지니어링,2026-03-31,2025,특수 목적용 기계 제조업,,,,,,0.6659,HBM_value_33 CSV(유동비율) + DART FY2025 사업보고서 판정 TODO,False,LP CVD,
039030,이오테크닉스,2020-03-31,2019,특수 목적용 기계 제조업,,,,,,0.6894,HBM_value_33 CSV(유동비율(대용:익년Q1)) + DART FY2019 사업보고서 판정 TODO,False,레이저 마커 및 레이저 응용기기,
039030,이오테크닉스,2021-03-31,2020,특수 목적용 기계 제조업,,,,,,0.6813,HBM_value_33 CSV(유동비율) + DART FY2020 사업보고서 판정 TODO,False,레이저 마커 및 레이저 응용기기,
039030,이오테크닉스,2022-03-31,2021,특수 목적용 기계 제조업,,,,,,0.6813,HBM_value_33 CSV(유동비율) + DART FY2021 사업보고서 판정 TODO,False,레이저 마커 및 레이저 응용기기,
039030,이오테크닉스,2023-03-31,2022,특수 목적용 기계 제조업,,,,,,0.6717,HBM_value_33 CSV(유동비율) + DART FY2022 사업보고서 판정 TODO,False,레이저 마커 및 레이저 응용기기,
039030,이오테크닉스,2024-03-31,2023,특수 목적용 기계 제조업,,,,,,0.6717,HBM_value_33 CSV(유동비율) + DART FY2023 사업보고서 판정 TODO,False,레이저 마커 및 레이저 응용기기,
039030,이오테크닉스,2025-03-31,2024,특수 목적용 기계 제조업,,,,,,0.6717,HBM_value_33 CSV(유동비율) + DART FY2024 사업보고서 판정 TODO,False,레이저 마커 및 레이저 응용기기,
039030,이오테크닉스,2026-03-31,2025,특수 목적용 기계 제조업,,,,,,0.6894,HBM_value_33 CSV(유동비율) + DART FY2025 사업보고서 판정 TODO,False,레이저 마커 및 레이저 응용기기,
042700,한미반도체,2020-03-31,2019,특수 목적용 기계 제조업,,,,,,0.3821,HBM_value_33 CSV(유동비율(대용:익년Q1)) + DART FY2019 사업보고서 판정 TODO,False,"반도체 후공정장비,반도체금형 제조/부동산 매매,임대",core
042700,한미반도체,2021-03-31,2020,특수 목적용 기계 제조업,,,,,,0.4171,HBM_value_33 CSV(유동비율) + DART FY2020 사업보고서 판정 TODO,False,"반도체 후공정장비,반도체금형 제조/부동산 매매,임대",core
042700,한미반도체,2022-03-31,2021,특수 목적용 기계 제조업,,,,,,0.4423,HBM_value_33 CSV(유동비율) + DART FY2021 사업보고서 판정 TODO,False,"반도체 후공정장비,반도체금형 제조/부동산 매매,임대",core
042700,한미반도체,2023-03-31,2022,특수 목적용 기계 제조업,,,,,,0.4345,HBM_value_33 CSV(유동비율) + DART FY2022 사업보고서 판정 TODO,False,"반도체 후공정장비,반도체금형 제조/부동산 매매,임대",core
042700,한미반도체,2024-03-31,2023,특수 목적용 기계 제조업,,,,,,0.4499,HBM_value_33 CSV(유동비율) + DART FY2023 사업보고서 판정 TODO,False,"반도체 후공정장비,반도체금형 제조/부동산 매매,임대",core
042700,한미반도체,2025-03-31,2024,특수 목적용 기계 제조업,,,,,,0.4341,HBM_value_33 CSV(유동비율) + DART FY2024 사업보고서 판정 TODO,False,"반도체 후공정장비,반도체금형 제조/부동산 매매,임대",core
042700,한미반도체,2026-03-31,2025,특수 목적용 기계 제조업,,,,,,0.4382,HBM_value_33 CSV(유동비율) + DART FY2025 사업보고서 판정 TODO,False,"반도체 후공정장비,반도체금형 제조/부동산 매매,임대",core
061970,LB세미콘,2020-03-31,2019,반도체 제조업,,,,,,0.621,HBM_value_33 CSV(유동비율(대용:익년Q1)) + DART FY2019 사업보고서 판정 TODO,False,"골드범핑, 솔더범핑 등",
061970,LB세미콘,2021-03-31,2020,반도체 제조업,,,,,,0.6125,HBM_value_33 CSV(유동비율) + DART FY2020 사업보고서 판정 TODO,False,"골드범핑, 솔더범핑 등",
061970,LB세미콘,2022-03-31,2021,반도체 제조업,,,,,,0.6315,HBM_value_33 CSV(유동비율) + DART FY2021 사업보고서 판정 TODO,False,"골드범핑, 솔더범핑 등",
061970,LB세미콘,2023-03-31,2022,반도체 제조업,,,,,,0.6374,HBM_value_33 CSV(유동비율) + DART FY2022 사업보고서 판정 TODO,False,"골드범핑, 솔더범핑 등",
061970,LB세미콘,2024-03-31,2023,반도체 제조업,,,,,,0.6387,HBM_value_33 CSV(유동비율) + DART FY2023 사업보고서 판정 TODO,False,"골드범핑, 솔더범핑 등",
061970,LB세미콘,2025-03-31,2024,반도체 제조업,,,,,,0.6387,HBM_value_33 CSV(유동비율) + DART FY2024 사업보고서 판정 TODO,False,"골드범핑, 솔더범핑 등",
061970,LB세미콘,2026-03-31,2025,반도체 제조업,,,,,,0.7276,HBM_value_33 CSV(유동비율) + DART FY2025 사업보고서 판정 TODO,False,"골드범핑, 솔더범핑 등",
064290,인텍플러스,2020-03-31,2019,특수 목적용 기계 제조업,,,,,,0.7894,HBM_value_33 CSV(유동비율(대용:익년Q1)) + DART FY2019 사업보고서 판정 TODO,False,"LED 외관검사장비, 반도체 외관검사장비, 태양전지 외관검사장비등",
064290,인텍플러스,2021-03-31,2020,특수 목적용 기계 제조업,,,,,,0.8064,HBM_value_33 CSV(유동비율) + DART FY2020 사업보고서 판정 TODO,False,"LED 외관검사장비, 반도체 외관검사장비, 태양전지 외관검사장비등",
064290,인텍플러스,2022-03-31,2021,특수 목적용 기계 제조업,,,,,,0.8015,HBM_value_33 CSV(유동비율) + DART FY2021 사업보고서 판정 TODO,False,"LED 외관검사장비, 반도체 외관검사장비, 태양전지 외관검사장비등",
064290,인텍플러스,2023-03-31,2022,특수 목적용 기계 제조업,,,,,,0.8024,HBM_value_33 CSV(유동비율) + DART FY2022 사업보고서 판정 TODO,False,"LED 외관검사장비, 반도체 외관검사장비, 태양전지 외관검사장비등",
064290,인텍플러스,2024-03-31,2023,특수 목적용 기계 제조업,,,,,,0.8075,HBM_value_33 CSV(유동비율) + DART FY2023 사업보고서 판정 TODO,False,"LED 외관검사장비, 반도체 외관검사장비, 태양전지 외관검사장비등",
064290,인텍플러스,2025-03-31,2024,특수 목적용 기계 제조업,,,,,,0.8079,HBM_value_33 CSV(유동비율) + DART FY2024 사업보고서 판정 TODO,False,"LED 외관검사장비, 반도체 외관검사장비, 태양전지 외관검사장비등",
064290,인텍플러스,2026-03-31,2025,특수 목적용 기계 제조업,,,,,,0.8473,HBM_value_33 CSV(유동비율) + DART FY2025 사업보고서 판정 TODO,False,"LED 외관검사장비, 반도체 외관검사장비, 태양전지 외관검사장비등",
067310,하나마이크론,2020-03-31,2019,반도체 제조업,,,,,,0.6989,HBM_value_33 CSV(유동비율(대용:익년Q1)) + DART FY2019 사업보고서 판정 TODO,False,"반도체패키징,IOT",
067310,하나마이크론,2021-03-31,2020,반도체 제조업,,,,,,0.7289,HBM_value_33 CSV(유동비율) + DART FY2020 사업보고서 판정 TODO,False,"반도체패키징,IOT",
067310,하나마이크론,2022-03-31,2021,반도체 제조업,,,,,,0.7208,HBM_value_33 CSV(유동비율) + DART FY2021 사업보고서 판정 TODO,False,"반도체패키징,IOT",
067310,하나마이크론,2023-03-31,2022,반도체 제조업,,,,,,0.7209,HBM_value_33 CSV(유동비율) + DART FY2022 사업보고서 판정 TODO,False,"반도체패키징,IOT",
067310,하나마이크론,2024-03-31,2023,반도체 제조업,,,,,,0.72,HBM_value_33 CSV(유동비율) + DART FY2023 사업보고서 판정 TODO,False,"반도체패키징,IOT",
067310,하나마이크론,2025-03-31,2024,반도체 제조업,,,,,,0.7354,HBM_value_33 CSV(유동비율) + DART FY2024 사업보고서 판정 TODO,False,"반도체패키징,IOT",
067310,하나마이크론,2026-03-31,2025,반도체 제조업,,,,,,0.737,HBM_value_33 CSV(유동비율) + DART FY2025 사업보고서 판정 TODO,False,"반도체패키징,IOT",
086390,유니테스트,2020-03-31,2019,특수 목적용 기계 제조업,,,,,,0.7526,HBM_value_33 CSV(유동비율(대용:익년Q1)) + DART FY2019 사업보고서 판정 TODO,False,"반도체메모리주검사장비생산(메모리컴포넌트테스터,메모리모듈테스트)",
086390,유니테스트,2021-03-31,2020,특수 목적용 기계 제조업,,,,,,0.7533,HBM_value_33 CSV(유동비율) + DART FY2020 사업보고서 판정 TODO,False,"반도체메모리주검사장비생산(메모리컴포넌트테스터,메모리모듈테스트)",
086390,유니테스트,2022-03-31,2021,특수 목적용 기계 제조업,,,,,,0.7559,HBM_value_33 CSV(유동비율) + DART FY2021 사업보고서 판정 TODO,False,"반도체메모리주검사장비생산(메모리컴포넌트테스터,메모리모듈테스트)",
086390,유니테스트,2023-03-31,2022,특수 목적용 기계 제조업,,,,,,0.7571,HBM_value_33 CSV(유동비율) + DART FY2022 사업보고서 판정 TODO,False,"반도체메모리주검사장비생산(메모리컴포넌트테스터,메모리모듈테스트)",
086390,유니테스트,2024-03-31,2023,특수 목적용 기계 제조업,,,,,,0.759,HBM_value_33 CSV(유동비율) + DART FY2023 사업보고서 판정 TODO,False,"반도체메모리주검사장비생산(메모리컴포넌트테스터,메모리모듈테스트)",
086390,유니테스트,2025-03-31,2024,특수 목적용 기계 제조업,,,,,,0.7611,HBM_value_33 CSV(유동비율) + DART FY2024 사업보고서 판정 TODO,False,"반도체메모리주검사장비생산(메모리컴포넌트테스터,메모리모듈테스트)",
086390,유니테스트,2026-03-31,2025,특수 목적용 기계 제조업,,,,,,0.7642,HBM_value_33 CSV(유동비율) + DART FY2025 사업보고서 판정 TODO,False,"반도체메모리주검사장비생산(메모리컴포넌트테스터,메모리모듈테스트)",
089030,테크윙,2020-03-31,2019,특수 목적용 기계 제조업,,,,,,0.7526,HBM_value_33 CSV(유동비율(대용:익년Q1)) + DART FY2019 사업보고서 판정 TODO,False,"반도체테스트핸들러,C.O.K(Change Over Kit)",core
089030,테크윙,2021-03-31,2020,특수 목적용 기계 제조업,,,,,,0.7526,HBM_value_33 CSV(유동비율) + DART FY2020 사업보고서 판정 TODO,False,"반도체테스트핸들러,C.O.K(Change Over Kit)",core
089030,테크윙,2022-03-31,2021,특수 목적용 기계 제조업,,,,,,0.8408,HBM_value_33 CSV(유동비율) + DART FY2021 사업보고서 판정 TODO,False,"반도체테스트핸들러,C.O.K(Change Over Kit)",core
089030,테크윙,2023-03-31,2022,특수 목적용 기계 제조업,,,,,,0.8235,HBM_value_33 CSV(유동비율) + DART FY2022 사업보고서 판정 TODO,False,"반도체테스트핸들러,C.O.K(Change Over Kit)",core
089030,테크윙,2024-03-31,2023,특수 목적용 기계 제조업,,,,,,0.8235,HBM_value_33 CSV(유동비율) + DART FY2023 사업보고서 판정 TODO,False,"반도체테스트핸들러,C.O.K(Change Over Kit)",core
089030,테크윙,2025-03-31,2024,특수 목적용 기계 제조업,,,,,,0.821,HBM_value_33 CSV(유동비율) + DART FY2024 사업보고서 판정 TODO,False,"반도체테스트핸들러,C.O.K(Change Over Kit)",core
089030,테크윙,2026-03-31,2025,특수 목적용 기계 제조업,,,,,,0.7232,HBM_value_33 CSV(유동비율) + DART FY2025 사업보고서 판정 TODO,False,"반도체테스트핸들러,C.O.K(Change Over Kit)",core
095340,ISC,2020-03-31,2019,기계장비 및 관련 물품 도매업,,,,,,0.5785,HBM_value_33 CSV(유동비율(대용:익년Q1)) + DART FY2019 사업보고서 판정 TODO,False,반도체테스트소켓,
095340,ISC,2021-03-31,2020,기계장비 및 관련 물품 도매업,,,,,,0.577,HBM_value_33 CSV(유동비율) + DART FY2020 사업보고서 판정 TODO,False,반도체테스트소켓,
095340,ISC,2022-03-31,2021,기계장비 및 관련 물품 도매업,,,,,,0.6081,HBM_value_33 CSV(유동비율) + DART FY2021 사업보고서 판정 TODO,False,반도체테스트소켓,
095340,ISC,2023-03-31,2022,기계장비 및 관련 물품 도매업,,,,,,0.5806,HBM_value_33 CSV(유동비율) + DART FY2022 사업보고서 판정 TODO,False,반도체테스트소켓,
095340,ISC,2024-03-31,2023,기계장비 및 관련 물품 도매업,,,,,,0.4765,HBM_value_33 CSV(유동비율) + DART FY2023 사업보고서 판정 TODO,False,반도체테스트소켓,
095340,ISC,2025-03-31,2024,기계장비 및 관련 물품 도매업,,,,,,0.4765,HBM_value_33 CSV(유동비율) + DART FY2024 사업보고서 판정 TODO,False,반도체테스트소켓,
095340,ISC,2026-03-31,2025,기계장비 및 관련 물품 도매업,,,,,,0.4765,HBM_value_33 CSV(유동비율) + DART FY2025 사업보고서 판정 TODO,False,반도체테스트소켓,
102710,이엔에프테크놀로지,2020-03-31,2019,기타 화학제품 제조업,,,,,,0.6426,HBM_value_33 CSV(유동비율(대용:익년Q1)) + DART FY2019 사업보고서 판정 TODO,False,LCD/반도체용 케미칼,
102710,이엔에프테크놀로지,2021-03-31,2020,기타 화학제품 제조업,,,,,,0.644,HBM_value_33 CSV(유동비율) + DART FY2020 사업보고서 판정 TODO,False,LCD/반도체용 케미칼,
102710,이엔에프테크놀로지,2022-03-31,2021,기타 화학제품 제조업,,,,,,0.6435,HBM_value_33 CSV(유동비율) + DART FY2021 사업보고서 판정 TODO,False,LCD/반도체용 케미칼,
102710,이엔에프테크놀로지,2023-03-31,2022,기타 화학제품 제조업,,,,,,0.6436,HBM_value_33 CSV(유동비율) + DART FY2022 사업보고서 판정 TODO,False,LCD/반도체용 케미칼,
102710,이엔에프테크놀로지,2024-03-31,2023,기타 화학제품 제조업,,,,,,0.6436,HBM_value_33 CSV(유동비율) + DART FY2023 사업보고서 판정 TODO,False,LCD/반도체용 케미칼,
102710,이엔에프테크놀로지,2025-03-31,2024,기타 화학제품 제조업,,,,,,0.644,HBM_value_33 CSV(유동비율) + DART FY2024 사업보고서 판정 TODO,False,LCD/반도체용 케미칼,
102710,이엔에프테크놀로지,2026-03-31,2025,기타 화학제품 제조업,,,,,,0.6453,HBM_value_33 CSV(유동비율) + DART FY2025 사업보고서 판정 TODO,False,LCD/반도체용 케미칼,
104830,원익머트리얼즈,2020-03-31,2019,기초 화학물질 제조업,,,,,,0.5431,HBM_value_33 CSV(유동비율(대용:익년Q1)) + DART FY2019 사업보고서 판정 TODO,False,"저메인가스,디실란,아산화질소,암모니아 등",
104830,원익머트리얼즈,2021-03-31,2020,기초 화학물질 제조업,,,,,,0.5431,HBM_value_33 CSV(유동비율) + DART FY2020 사업보고서 판정 TODO,False,"저메인가스,디실란,아산화질소,암모니아 등",
104830,원익머트리얼즈,2022-03-31,2021,기초 화학물질 제조업,,,,,,0.5431,HBM_value_33 CSV(유동비율) + DART FY2021 사업보고서 판정 TODO,False,"저메인가스,디실란,아산화질소,암모니아 등",
104830,원익머트리얼즈,2023-03-31,2022,기초 화학물질 제조업,,,,,,0.5429,HBM_value_33 CSV(유동비율) + DART FY2022 사업보고서 판정 TODO,False,"저메인가스,디실란,아산화질소,암모니아 등",
104830,원익머트리얼즈,2024-03-31,2023,기초 화학물질 제조업,,,,,,0.5429,HBM_value_33 CSV(유동비율) + DART FY2023 사업보고서 판정 TODO,False,"저메인가스,디실란,아산화질소,암모니아 등",
104830,원익머트리얼즈,2025-03-31,2024,기초 화학물질 제조업,,,,,,0.5431,HBM_value_33 CSV(유동비율) + DART FY2024 사업보고서 판정 TODO,False,"저메인가스,디실란,아산화질소,암모니아 등",
104830,원익머트리얼즈,2026-03-31,2025,기초 화학물질 제조업,,,,,,0.5428,HBM_value_33 CSV(유동비율) + DART FY2025 사업보고서 판정 TODO,False,"저메인가스,디실란,아산화질소,암모니아 등",
112290,와이씨켐,2022-03-31,2021,기타 화학제품 제조업,,,,,,,HBM_value_33 CSV(유동비율(결측)) + DART FY2021 사업보고서 판정 TODO,False,반도체 및 디스플레이용 화학소재,satellite
112290,와이씨켐,2023-03-31,2022,기타 화학제품 제조업,,,,,,0.5991,HBM_value_33 CSV(유동비율) + DART FY2022 사업보고서 판정 TODO,False,반도체 및 디스플레이용 화학소재,satellite
112290,와이씨켐,2024-03-31,2023,기타 화학제품 제조업,,,,,,0.5991,HBM_value_33 CSV(유동비율) + DART FY2023 사업보고서 판정 TODO,False,반도체 및 디스플레이용 화학소재,satellite
112290,와이씨켐,2025-03-31,2024,기타 화학제품 제조업,,,,,,0.5991,HBM_value_33 CSV(유동비율) + DART FY2024 사업보고서 판정 TODO,False,반도체 및 디스플레이용 화학소재,satellite
112290,와이씨켐,2026-03-31,2025,기타 화학제품 제조업,,,,,,0.5991,HBM_value_33 CSV(유동비율) + DART FY2025 사업보고서 판정 TODO,False,반도체 및 디스플레이용 화학소재,satellite
131290,티에스이,2020-03-31,2019,"측정, 시험, 항해, 제어 및 기타 정밀기기 제조업; 광학기기 제외",,,,,,0.3649,HBM_value_33 CSV(유동비율(대용:익년Q1)) + DART FY2019 사업보고서 판정 TODO,False,"Probe Card, Test Interface Board, OLED Test Equipment, Test Socket",
131290,티에스이,2021-03-31,2020,"측정, 시험, 항해, 제어 및 기타 정밀기기 제조업; 광학기기 제외",,,,,,0.4384,HBM_value_33 CSV(유동비율) + DART FY2020 사업보고서 판정 TODO,False,"Probe Card, Test Interface Board, OLED Test Equipment, Test Socket",
131290,티에스이,2022-03-31,2021,"측정, 시험, 항해, 제어 및 기타 정밀기기 제조업; 광학기기 제외",,,,,,0.4476,HBM_value_33 CSV(유동비율) + DART FY2021 사업보고서 판정 TODO,False,"Probe Card, Test Interface Board, OLED Test Equipment, Test Socket",
131290,티에스이,2023-03-31,2022,"측정, 시험, 항해, 제어 및 기타 정밀기기 제조업; 광학기기 제외",,,,,,0.4707,HBM_value_33 CSV(유동비율) + DART FY2022 사업보고서 판정 TODO,False,"Probe Card, Test Interface Board, OLED Test Equipment, Test Socket",
131290,티에스이,2024-03-31,2023,"측정, 시험, 항해, 제어 및 기타 정밀기기 제조업; 광학기기 제외",,,,,,0.4548,HBM_value_33 CSV(유동비율) + DART FY2023 사업보고서 판정 TODO,False,"Probe Card, Test Interface Board, OLED Test Equipment, Test Socket",
131290,티에스이,2025-03-31,2024,"측정, 시험, 항해, 제어 및 기타 정밀기기 제조업; 광학기기 제외",,,,,,0.4718,HBM_value_33 CSV(유동비율) + DART FY2024 사업보고서 판정 TODO,False,"Probe Card, Test Interface Board, OLED Test Equipment, Test Socket",
131290,티에스이,2026-03-31,2025,"측정, 시험, 항해, 제어 및 기타 정밀기기 제조업; 광학기기 제외",,,,,,0.4963,HBM_value_33 CSV(유동비율) + DART FY2025 사업보고서 판정 TODO,False,"Probe Card, Test Interface Board, OLED Test Equipment, Test Socket",
166090,하나머티리얼즈,2020-03-31,2019,반도체 제조업,,,,,,0.5385,HBM_value_33 CSV(유동비율(대용:익년Q1)) + DART FY2019 사업보고서 판정 TODO,False,"실리콘부품, 세라믹부품, 특수가스",
166090,하나머티리얼즈,2021-03-31,2020,반도체 제조업,,,,,,0.5393,HBM_value_33 CSV(유동비율) + DART FY2020 사업보고서 판정 TODO,False,"실리콘부품, 세라믹부품, 특수가스",
166090,하나머티리얼즈,2022-03-31,2021,반도체 제조업,,,,,,0.5372,HBM_value_33 CSV(유동비율) + DART FY2021 사업보고서 판정 TODO,False,"실리콘부품, 세라믹부품, 특수가스",
166090,하나머티리얼즈,2023-03-31,2022,반도체 제조업,,,,,,0.5365,HBM_value_33 CSV(유동비율) + DART FY2022 사업보고서 판정 TODO,False,"실리콘부품, 세라믹부품, 특수가스",
166090,하나머티리얼즈,2024-03-31,2023,반도체 제조업,,,,,,0.5366,HBM_value_33 CSV(유동비율) + DART FY2023 사업보고서 판정 TODO,False,"실리콘부품, 세라믹부품, 특수가스",
166090,하나머티리얼즈,2025-03-31,2024,반도체 제조업,,,,,,0.5331,HBM_value_33 CSV(유동비율) + DART FY2024 사업보고서 판정 TODO,False,"실리콘부품, 세라믹부품, 특수가스",
166090,하나머티리얼즈,2026-03-31,2025,반도체 제조업,,,,,,0.5294,HBM_value_33 CSV(유동비율) + DART FY2025 사업보고서 판정 TODO,False,"실리콘부품, 세라믹부품, 특수가스",
195870,해성디에스,2020-03-31,2019,전자부품 제조업,,,,,,0.6268,HBM_value_33 CSV(유동비율(대용:익년Q1)) + DART FY2019 사업보고서 판정 TODO,False,반도체 패키지용 Substrate,
195870,해성디에스,2021-03-31,2020,전자부품 제조업,,,,,,0.6374,HBM_value_33 CSV(유동비율) + DART FY2020 사업보고서 판정 TODO,False,반도체 패키지용 Substrate,
195870,해성디에스,2022-03-31,2021,전자부품 제조업,,,,,,0.6381,HBM_value_33 CSV(유동비율) + DART FY2021 사업보고서 판정 TODO,False,반도체 패키지용 Substrate,
195870,해성디에스,2023-03-31,2022,전자부품 제조업,,,,,,0.6381,HBM_value_33 CSV(유동비율) + DART FY2022 사업보고서 판정 TODO,False,반도체 패키지용 Substrate,
195870,해성디에스,2024-03-31,2023,전자부품 제조업,,,,,,0.6369,HBM_value_33 CSV(유동비율) + DART FY2023 사업보고서 판정 TODO,False,반도체 패키지용 Substrate,
195870,해성디에스,2025-03-31,2024,전자부품 제조업,,,,,,0.6369,HBM_value_33 CSV(유동비율) + DART FY2024 사업보고서 판정 TODO,False,반도체 패키지용 Substrate,
195870,해성디에스,2026-03-31,2025,전자부품 제조업,,,,,,0.6369,HBM_value_33 CSV(유동비율) + DART FY2025 사업보고서 판정 TODO,False,반도체 패키지용 Substrate,
222800,심텍,2020-03-31,2019,전자부품 제조업,,,,,,0.55,HBM_value_33 CSV(유동비율(대용:익년Q1)) + DART FY2019 사업보고서 판정 TODO,False,반도체용 인쇄회로기판,
222800,심텍,2021-03-31,2020,전자부품 제조업,,,,,,0.6427,HBM_value_33 CSV(유동비율) + DART FY2020 사업보고서 판정 TODO,False,반도체용 인쇄회로기판,
222800,심텍,2022-03-31,2021,전자부품 제조업,,,,,,0.6667,HBM_value_33 CSV(유동비율) + DART FY2021 사업보고서 판정 TODO,False,반도체용 인쇄회로기판,
222800,심텍,2023-03-31,2022,전자부품 제조업,,,,,,0.667,HBM_value_33 CSV(유동비율) + DART FY2022 사업보고서 판정 TODO,False,반도체용 인쇄회로기판,
222800,심텍,2024-03-31,2023,전자부품 제조업,,,,,,0.6674,HBM_value_33 CSV(유동비율) + DART FY2023 사업보고서 판정 TODO,False,반도체용 인쇄회로기판,
222800,심텍,2025-03-31,2024,전자부품 제조업,,,,,,0.6677,HBM_value_33 CSV(유동비율) + DART FY2024 사업보고서 판정 TODO,False,반도체용 인쇄회로기판,
222800,심텍,2026-03-31,2025,전자부품 제조업,,,,,,0.667,HBM_value_33 CSV(유동비율) + DART FY2025 사업보고서 판정 TODO,False,반도체용 인쇄회로기판,
253590,네오셈,2020-03-31,2019,특수 목적용 기계 제조업,,,,,,0.3459,HBM_value_33 CSV(유동비율(대용:익년Q1)) + DART FY2019 사업보고서 판정 TODO,False,반도체 검사장비,
253590,네오셈,2021-03-31,2020,특수 목적용 기계 제조업,,,,,,0.3169,HBM_value_33 CSV(유동비율) + DART FY2020 사업보고서 판정 TODO,False,반도체 검사장비,
253590,네오셈,2022-03-31,2021,특수 목적용 기계 제조업,,,,,,0.3192,HBM_value_33 CSV(유동비율) + DART FY2021 사업보고서 판정 TODO,False,반도체 검사장비,
253590,네오셈,2023-03-31,2022,특수 목적용 기계 제조업,,,,,,0.292,HBM_value_33 CSV(유동비율) + DART FY2022 사업보고서 판정 TODO,False,반도체 검사장비,
253590,네오셈,2024-03-31,2023,특수 목적용 기계 제조업,,,,,,0.3733,HBM_value_33 CSV(유동비율) + DART FY2023 사업보고서 판정 TODO,False,반도체 검사장비,
253590,네오셈,2025-03-31,2024,특수 목적용 기계 제조업,,,,,,0.4138,HBM_value_33 CSV(유동비율) + DART FY2024 사업보고서 판정 TODO,False,반도체 검사장비,
253590,네오셈,2026-03-31,2025,특수 목적용 기계 제조업,,,,,,0.4138,HBM_value_33 CSV(유동비율) + DART FY2025 사업보고서 판정 TODO,False,반도체 검사장비,
281820,케이씨텍,2020-03-31,2019,"측정, 시험, 항해, 제어 및 기타 정밀기기 제조업; 광학기기 제외",,,,,,0.487,HBM_value_33 CSV(유동비율(대용:익년Q1)) + DART FY2019 사업보고서 판정 TODO,False,"반도체, 디스플레이 제조 장비",
281820,케이씨텍,2021-03-31,2020,"측정, 시험, 항해, 제어 및 기타 정밀기기 제조업; 광학기기 제외",,,,,,0.5282,HBM_value_33 CSV(유동비율) + DART FY2020 사업보고서 판정 TODO,False,"반도체, 디스플레이 제조 장비",
281820,케이씨텍,2022-03-31,2021,"측정, 시험, 항해, 제어 및 기타 정밀기기 제조업; 광학기기 제외",,,,,,0.4956,HBM_value_33 CSV(유동비율) + DART FY2021 사업보고서 판정 TODO,False,"반도체, 디스플레이 제조 장비",
281820,케이씨텍,2023-03-31,2022,"측정, 시험, 항해, 제어 및 기타 정밀기기 제조업; 광학기기 제외",,,,,,0.4575,HBM_value_33 CSV(유동비율) + DART FY2022 사업보고서 판정 TODO,False,"반도체, 디스플레이 제조 장비",
281820,케이씨텍,2024-03-31,2023,"측정, 시험, 항해, 제어 및 기타 정밀기기 제조업; 광학기기 제외",,,,,,0.4575,HBM_value_33 CSV(유동비율) + DART FY2023 사업보고서 판정 TODO,False,"반도체, 디스플레이 제조 장비",
281820,케이씨텍,2025-03-31,2024,"측정, 시험, 항해, 제어 및 기타 정밀기기 제조업; 광학기기 제외",,,,,,0.4474,HBM_value_33 CSV(유동비율) + DART FY2024 사업보고서 판정 TODO,False,"반도체, 디스플레이 제조 장비",
281820,케이씨텍,2026-03-31,2025,"측정, 시험, 항해, 제어 및 기타 정밀기기 제조업; 광학기기 제외",,,,,,0.4081,HBM_value_33 CSV(유동비율) + DART FY2025 사업보고서 판정 TODO,False,"반도체, 디스플레이 제조 장비",
322310,오로스테크놀로지,2020-03-31,2019,특수 목적용 기계 제조업,,,,,,,HBM_value_33 CSV(유동비율(결측)) + DART FY2019 사업보고서 판정 TODO,False,반도체 Overlay 계측 장비,
322310,오로스테크놀로지,2021-03-31,2020,특수 목적용 기계 제조업,,,,,,0.2645,HBM_value_33 CSV(유동비율) + DART FY2020 사업보고서 판정 TODO,False,반도체 Overlay 계측 장비,
322310,오로스테크놀로지,2022-03-31,2021,특수 목적용 기계 제조업,,,,,,0.4762,HBM_value_33 CSV(유동비율) + DART FY2021 사업보고서 판정 TODO,False,반도체 Overlay 계측 장비,
322310,오로스테크놀로지,2023-03-31,2022,특수 목적용 기계 제조업,,,,,,0.4547,HBM_value_33 CSV(유동비율) + DART FY2022 사업보고서 판정 TODO,False,반도체 Overlay 계측 장비,
322310,오로스테크놀로지,2024-03-31,2023,특수 목적용 기계 제조업,,,,,,0.4492,HBM_value_33 CSV(유동비율) + DART FY2023 사업보고서 판정 TODO,False,반도체 Overlay 계측 장비,
322310,오로스테크놀로지,2025-03-31,2024,특수 목적용 기계 제조업,,,,,,0.4369,HBM_value_33 CSV(유동비율) + DART FY2024 사업보고서 판정 TODO,False,반도체 Overlay 계측 장비,
322310,오로스테크놀로지,2026-03-31,2025,특수 목적용 기계 제조업,,,,,,0.4419,HBM_value_33 CSV(유동비율) + DART FY2025 사업보고서 판정 TODO,False,반도체 Overlay 계측 장비,
348210,넥스틴,2020-03-31,2019,특수 목적용 기계 제조업,,,,,,,HBM_value_33 CSV(유동비율(결측)) + DART FY2019 사업보고서 판정 TODO,False,반도체 전공정용 패턴결함 검사장비(AEGIS 등),core
348210,넥스틴,2021-03-31,2020,특수 목적용 기계 제조업,,,,,,0.6513,HBM_value_33 CSV(유동비율) + DART FY2020 사업보고서 판정 TODO,False,반도체 전공정용 패턴결함 검사장비(AEGIS 등),core
348210,넥스틴,2022-03-31,2021,특수 목적용 기계 제조업,,,,,,0.7178,HBM_value_33 CSV(유동비율) + DART FY2021 사업보고서 판정 TODO,False,반도체 전공정용 패턴결함 검사장비(AEGIS 등),core
348210,넥스틴,2023-03-31,2022,특수 목적용 기계 제조업,,,,,,0.7137,HBM_value_33 CSV(유동비율) + DART FY2022 사업보고서 판정 TODO,False,반도체 전공정용 패턴결함 검사장비(AEGIS 등),core
348210,넥스틴,2024-03-31,2023,특수 목적용 기계 제조업,,,,,,0.719,HBM_value_33 CSV(유동비율) + DART FY2023 사업보고서 판정 TODO,False,반도체 전공정용 패턴결함 검사장비(AEGIS 등),core
348210,넥스틴,2025-03-31,2024,특수 목적용 기계 제조업,,,,,,0.7129,HBM_value_33 CSV(유동비율) + DART FY2024 사업보고서 판정 TODO,False,반도체 전공정용 패턴결함 검사장비(AEGIS 등),core
348210,넥스틴,2026-03-31,2025,특수 목적용 기계 제조업,,,,,,0.703,HBM_value_33 CSV(유동비율) + DART FY2025 사업보고서 판정 TODO,False,반도체 전공정용 패턴결함 검사장비(AEGIS 등),core
353200,대덕전자,2020-03-31,2019,전자부품 제조업,,,,,,,HBM_value_33 CSV(유동비율(결측)) + DART FY2019 사업보고서 판정 TODO,False,"PCB(Printed Circuit Board, 인쇄회로기판)의 제조 및 판매",
353200,대덕전자,2021-03-31,2020,전자부품 제조업,,,,,,0.6715,HBM_value_33 CSV(유동비율) + DART FY2020 사업보고서 판정 TODO,False,"PCB(Printed Circuit Board, 인쇄회로기판)의 제조 및 판매",
353200,대덕전자,2022-03-31,2021,전자부품 제조업,,,,,,0.6714,HBM_value_33 CSV(유동비율) + DART FY2021 사업보고서 판정 TODO,False,"PCB(Printed Circuit Board, 인쇄회로기판)의 제조 및 판매",
353200,대덕전자,2023-03-31,2022,전자부품 제조업,,,,,,0.6717,HBM_value_33 CSV(유동비율) + DART FY2022 사업보고서 판정 TODO,False,"PCB(Printed Circuit Board, 인쇄회로기판)의 제조 및 판매",
353200,대덕전자,2024-03-31,2023,전자부품 제조업,,,,,,0.6718,HBM_value_33 CSV(유동비율) + DART FY2023 사업보고서 판정 TODO,False,"PCB(Printed Circuit Board, 인쇄회로기판)의 제조 및 판매",
353200,대덕전자,2025-03-31,2024,전자부품 제조업,,,,,,0.6724,HBM_value_33 CSV(유동비율) + DART FY2024 사업보고서 판정 TODO,False,"PCB(Printed Circuit Board, 인쇄회로기판)의 제조 및 판매",
353200,대덕전자,2026-03-31,2025,전자부품 제조업,,,,,,0.6724,HBM_value_33 CSV(유동비율) + DART FY2025 사업보고서 판정 TODO,False,"PCB(Printed Circuit Board, 인쇄회로기판)의 제조 및 판매",
357780,솔브레인,2020-03-31,2019,기타 화학제품 제조업,,,,,,,HBM_value_33 CSV(유동비율(결측)) + DART FY2019 사업보고서 판정 TODO,False,반도체 및 디스플레이 관련 화학재료 제조ㆍ판매 등,
357780,솔브레인,2021-03-31,2020,기타 화학제품 제조업,,,,,,0.535,HBM_value_33 CSV(유동비율) + DART FY2020 사업보고서 판정 TODO,False,반도체 및 디스플레이 관련 화학재료 제조ㆍ판매 등,
357780,솔브레인,2022-03-31,2021,기타 화학제품 제조업,,,,,,0.5387,HBM_value_33 CSV(유동비율) + DART FY2021 사업보고서 판정 TODO,False,반도체 및 디스플레이 관련 화학재료 제조ㆍ판매 등,
357780,솔브레인,2023-03-31,2022,기타 화학제품 제조업,,,,,,0.5372,HBM_value_33 CSV(유동비율) + DART FY2022 사업보고서 판정 TODO,False,반도체 및 디스플레이 관련 화학재료 제조ㆍ판매 등,
357780,솔브레인,2024-03-31,2023,기타 화학제품 제조업,,,,,,0.544,HBM_value_33 CSV(유동비율) + DART FY2023 사업보고서 판정 TODO,False,반도체 및 디스플레이 관련 화학재료 제조ㆍ판매 등,
357780,솔브레인,2025-03-31,2024,기타 화학제품 제조업,,,,,,0.5462,HBM_value_33 CSV(유동비율) + DART FY2024 사업보고서 판정 TODO,False,반도체 및 디스플레이 관련 화학재료 제조ㆍ판매 등,
357780,솔브레인,2026-03-31,2025,기타 화학제품 제조업,,,,,,0.5353,HBM_value_33 CSV(유동비율) + DART FY2025 사업보고서 판정 TODO,False,반도체 및 디스플레이 관련 화학재료 제조ㆍ판매 등,
394280,오픈엣지테크놀로지,2022-03-31,2021,소프트웨어 개발 및 공급업,,,,,,,HBM_value_33 CSV(유동비율(결측)) + DART FY2021 사업보고서 판정 TODO,False,시스템 반도체 IP,
394280,오픈엣지테크놀로지,2023-03-31,2022,소프트웨어 개발 및 공급업,,,,,,0.7181,HBM_value_33 CSV(유동비율) + DART FY2022 사업보고서 판정 TODO,False,시스템 반도체 IP,
394280,오픈엣지테크놀로지,2024-03-31,2023,소프트웨어 개발 및 공급업,,,,,,0.7513,HBM_value_33 CSV(유동비율) + DART FY2023 사업보고서 판정 TODO,False,시스템 반도체 IP,
394280,오픈엣지테크놀로지,2025-03-31,2024,소프트웨어 개발 및 공급업,,,,,,0.7524,HBM_value_33 CSV(유동비율) + DART FY2024 사업보고서 판정 TODO,False,시스템 반도체 IP,
394280,오픈엣지테크놀로지,2026-03-31,2025,소프트웨어 개발 및 공급업,,,,,,0.7538,HBM_value_33 CSV(유동비율) + DART FY2025 사업보고서 판정 TODO,False,시스템 반도체 IP,
403870,HPSP,2022-03-31,2021,특수 목적용 기계 제조업,,,,,,,HBM_value_33 CSV(유동비율(결측)) + DART FY2021 사업보고서 판정 TODO,False,고압 수소 어닐링 장비,
403870,HPSP,2023-03-31,2022,특수 목적용 기계 제조업,,,,,,0.5693,HBM_value_33 CSV(유동비율) + DART FY2022 사업보고서 판정 TODO,False,고압 수소 어닐링 장비,
403870,HPSP,2024-03-31,2023,특수 목적용 기계 제조업,,,,,,0.5839,HBM_value_33 CSV(유동비율) + DART FY2023 사업보고서 판정 TODO,False,고압 수소 어닐링 장비,
403870,HPSP,2025-03-31,2024,특수 목적용 기계 제조업,,,,,,0.5613,HBM_value_33 CSV(유동비율) + DART FY2024 사업보고서 판정 TODO,False,고압 수소 어닐링 장비,
403870,HPSP,2026-03-31,2025,특수 목적용 기계 제조업,,,,,,0.575,HBM_value_33 CSV(유동비율) + DART FY2025 사업보고서 판정 TODO,False,고압 수소 어닐링 장비,
425040,티이엠씨,2022-03-31,2021,기초 화학물질 제조업,,,,,,,HBM_value_33 CSV(유동비율(결측)) + DART FY2021 사업보고서 판정 TODO,False,반도체용 특수가스,
425040,티이엠씨,2023-03-31,2022,기초 화학물질 제조업,,,,,,0.6068,HBM_value_33 CSV(유동비율) + DART FY2022 사업보고서 판정 TODO,False,반도체용 특수가스,
425040,티이엠씨,2024-03-31,2023,기초 화학물질 제조업,,,,,,0.6741,HBM_value_33 CSV(유동비율) + DART FY2023 사업보고서 판정 TODO,False,반도체용 특수가스,
425040,티이엠씨,2025-03-31,2024,기초 화학물질 제조업,,,,,,0.6655,HBM_value_33 CSV(유동비율) + DART FY2024 사업보고서 판정 TODO,False,반도체용 특수가스,
425040,티이엠씨,2026-03-31,2025,기초 화학물질 제조업,,,,,,0.6526,HBM_value_33 CSV(유동비율) + DART FY2025 사업보고서 판정 TODO,False,반도체용 특수가스,
