ticker,name,disclosed_at,fiscal_year,sector,hbm_massproduction,hbm_exposure,mem_ratio,process_confirmed,committee_ok,free_float,source,admin_issue,reviewer,judgment_status,audit_opinion
000660,SK하이닉스,2026-03-31,2025,메모리제조,True,,0.95,True,True,0.7632,HBM_value_33 CSV(유동비율) + DART FY2025 사업보고서 판정 TODO,False,,DRAFT,적정
003160,디아이,2026-03-31,2025,반도체 장비,False,,0.85,False,True,0.546,HBM_value_33 CSV(유동비율) + DART FY2025 사업보고서 판정 TODO,False,,DRAFT,적정
005290,동진쎄미켐,2026-03-31,2025,반도체 소재,False,,,False,False,0.6133,HBM_value_33 CSV(유동비율) + DART FY2025 사업보고서 판정 TODO,False,,DRAFT,적정
005930,삼성전자,2026-03-31,2025,메모리제조,True,,0.31,True,True,0.7861,HBM_value_33 CSV(유동비율) + DART FY2025 사업보고서 판정 TODO,False,,DRAFT,적정
007660,이수페타시스,2026-03-31,2025,기판/PCB,False,,,False,False,0.7387,HBM_value_33 CSV(유동비율) + DART FY2025 사업보고서 판정 TODO,False,,DRAFT,적정
014680,한솔케미칼,2026-03-31,2025,반도체 소재,False,,,False,False,0.8278,HBM_value_33 CSV(유동비율) + DART FY2025 사업보고서 판정 TODO,False,,DRAFT,적정
033160,엠케이전자,2026-03-31,2025,반도체 소재,False,,,False,False,0.6054,HBM_value_33 CSV(유동비율) + DART FY2025 사업보고서 판정 TODO,False,,DRAFT,적정
036540,SFA반도체,2026-03-31,2025,후공정/패키징,False,,0.81,False,False,0.4471,HBM_value_33 CSV(유동비율) + DART FY2025 사업보고서 판정 TODO,False,,DRAFT,적정
036930,주성엔지니어링,2026-03-31,2025,반도체 장비,False,,,False,False,0.6659,HBM_value_33 CSV(유동비율) + DART FY2025 사업보고서 판정 TODO,False,,DRAFT,적정
039030,이오테크닉스,2026-03-31,2025,반도체 장비,False,,,False,False,0.6894,HBM_value_33 CSV(유동비율) + DART FY2025 사업보고서 판정 TODO,False,,DRAFT,적정
042700,한미반도체,2026-03-31,2025,반도체 장비,False,0.7,0.75,True,True,0.4382,HBM_value_33 CSV(유동비율) + DART FY2025 사업보고서 판정 TODO,False,,DRAFT,적정
061970,LB세미콘,2026-03-31,2025,후공정/패키징,False,,,False,False,0.7276,HBM_value_33 CSV(유동비율) + DART FY2025 사업보고서 판정 TODO,False,,DRAFT,적정
064290,인텍플러스,2026-03-31,2025,반도체 장비,False,,,False,False,0.8473,HBM_value_33 CSV(유동비율) + DART FY2025 사업보고서 판정 TODO,False,,DRAFT,적정
067310,하나마이크론,2026-03-31,2025,후공정/패키징,False,,,False,False,0.737,HBM_value_33 CSV(유동비율) + DART FY2025 사업보고서 판정 TODO,False,,DRAFT,적정
086390,유니테스트,2026-03-31,2025,반도체 장비,False,,0.74,False,False,0.7642,HBM_value_33 CSV(유동비율) + DART FY2025 사업보고서 판정 TODO,False,,DRAFT,적정
089030,테크윙,2026-03-31,2025,반도체 장비,False,,,False,True,0.7232,HBM_value_33 CSV(유동비율) + DART FY2025 사업보고서 판정 TODO,False,,DRAFT,적정
095340,ISC,2026-03-31,2025,후공정/테스트,False,,,False,False,0.4765,HBM_value_33 CSV(유동비율) + DART FY2025 사업보고서 판정 TODO,False,,DRAFT,의견거절
102710,이엔에프테크놀로지,2026-03-31,2025,반도체 소재,False,,,False,False,0.6453,HBM_value_33 CSV(유동비율) + DART FY2025 사업보고서 판정 TODO,False,,DRAFT,적정
104830,원익머트리얼즈,2026-03-31,2025,반도체 소재,False,,,False,False,0.5428,HBM_value_33 CSV(유동비율) + DART FY2025 사업보고서 판정 TODO,False,,DRAFT,적정
112290,와이씨켐,2026-03-31,2025,반도체 소재,False,,,False,True,0.5991,HBM_value_33 CSV(유동비율) + DART FY2025 사업보고서 판정 TODO,False,,DRAFT,적정
131290,티에스이,2026-03-31,2025,반도체 장비,False,,,False,False,0.4963,HBM_value_33 CSV(유동비율) + DART FY2025 사업보고서 판정 TODO,False,,DRAFT,적정
166090,하나머티리얼즈,2026-03-31,2025,반도체 소재,False,,,False,False,0.5294,HBM_value_33 CSV(유동비율) + DART FY2025 사업보고서 판정 TODO,False,,DRAFT,적정
195870,해성디에스,2026-03-31,2025,반도체 소재/기판,False,,,False,False,0.6369,HBM_value_33 CSV(유동비율) + DART FY2025 사업보고서 판정 TODO,False,,DRAFT,적정
222800,심텍,2026-03-31,2025,기판/PCB,False,,,False,False,0.667,HBM_value_33 CSV(유동비율) + DART FY2025 사업보고서 판정 TODO,False,,DRAFT,적정
253590,네오셈,2026-03-31,2025,반도체 장비,False,,0.9,False,False,0.4138,HBM_value_33 CSV(유동비율) + DART FY2025 사업보고서 판정 TODO,False,,DRAFT,적정
281820,케이씨텍,2026-03-31,2025,반도체 장비,False,,,False,False,0.4081,HBM_value_33 CSV(유동비율) + DART FY2025 사업보고서 판정 TODO,False,,DRAFT,적정
322310,오로스테크놀로지,2026-03-31,2025,반도체 장비,False,,,True,False,0.4419,HBM_value_33 CSV(유동비율) + DART FY2025 사업보고서 판정 TODO,False,,DRAFT,적정
348210,넥스틴,2026-03-31,2025,반도체 장비,False,,,True,True,0.703,HBM_value_33 CSV(유동비율) + DART FY2025 사업보고서 판정 TODO,False,,DRAFT,적정
353200,대덕전자,2026-03-31,2025,기판/PCB,False,,,False,False,0.6724,HBM_value_33 CSV(유동비율) + DART FY2025 사업보고서 판정 TODO,False,,DRAFT,적정
357780,솔브레인,2026-03-31,2025,반도체 소재,False,,,False,False,0.5353,HBM_value_33 CSV(유동비율) + DART FY2025 사업보고서 판정 TODO,False,,DRAFT,적정
394280,오픈엣지테크놀로지,2026-03-31,2025,반도체 IP/설계,False,,,False,False,0.7538,HBM_value_33 CSV(유동비율) + DART FY2025 사업보고서 판정 TODO,False,,DRAFT,적정
403870,HPSP,2026-03-31,2025,반도체 장비,False,,,False,False,0.575,HBM_value_33 CSV(유동비율) + DART FY2025 사업보고서 판정 TODO,False,,DRAFT,적정
425040,티이엠씨,2026-03-31,2025,반도체 소재,False,,,False,False,0.6526,HBM_value_33 CSV(유동비율) + DART FY2025 사업보고서 판정 TODO,False,,DRAFT,적정
