ticker,name,fiscal_year,hbm_massproduction,hbm_exposure,mem_ratio,process_confirmed,committee_ok,audit_opinion,admin_issue,disclosed_at,source,reviewer,judgment_status
000660,SK하이닉스,2019,True,0.05,0.95,True,True,적정,False,2020-03-30,https://dart.fss.or.kr/dsaf001/main.do?rcpNo=20200330004441,노민수,FINAL
000660,SK하이닉스,2020,True,0.08,0.95,True,True,적정,False,2021-03-22,https://dart.fss.or.kr/dsaf001/main.do?rcpNo=20210322000782,노민수,FINAL
000660,SK하이닉스,2021,True,0.1,0.95,True,True,적정,False,2022-03-22,https://dart.fss.or.kr/dsaf001/main.do?rcpNo=20220322000590,노민수,FINAL
000660,SK하이닉스,2022,True,0.15,0.95,True,True,적정,False,2023-03-21,https://dart.fss.or.kr/dsaf001/main.do?rcpNo=20230321001209,노민수,FINAL
000660,SK하이닉스,2023,True,0.25,0.95,True,True,적정,False,2024-03-19,https://dart.fss.or.kr/dsaf001/main.do?rcpNo=20240319000684,노민수,FINAL
000660,SK하이닉스,2024,True,0.35,0.95,True,True,적정,False,2025-03-19,https://dart.fss.or.kr/dsaf001/main.do?rcpNo=20250319000665,노민수,FINAL
000660,SK하이닉스,2025,True,0.4,0.95,True,True,적정,False,2026-03-17,https://dart.fss.or.kr/dsaf001/main.do?rcpNo=20260317000635,노민수,FINAL
003160,디아이,2019,False,0.0,0.85,False,False,적정,False,2020-03-30,https://dart.fss.or.kr/dsaf001/main.do?rcpNo=20200330003463,노민수,FINAL
003160,디아이,2020,False,0.0,0.85,False,False,적정,False,2021-03-18,https://dart.fss.or.kr/dsaf001/main.do?rcpNo=20210318000533,노민수,FINAL
003160,디아이,2021,False,0.0,0.85,False,False,적정,False,2022-03-17,https://dart.fss.or.kr/dsaf001/main.do?rcpNo=20220317001034,노민수,FINAL
003160,디아이,2022,False,0.0,0.85,False,False,적정,False,2023-03-16,https://dart.fss.or.kr/dsaf001/main.do?rcpNo=20230316001051,노민수,FINAL
003160,디아이,2023,False,0.0,0.85,False,False,적정,False,2024-03-14,https://dart.fss.or.kr/dsaf001/main.do?rcpNo=20240314001500,노민수,FINAL
003160,디아이,2024,False,0.15,0.85,True,True,적정,False,2025-03-13,https://dart.fss.or.kr/dsaf001/main.do?rcpNo=20250313001050,노민수,FINAL
003160,디아이,2025,False,0.35,0.85,True,True,적정,False,2026-03-12,https://dart.fss.or.kr/dsaf001/main.do?rcpNo=20260312001121,노민수,FINAL
005290,동진쎄미켐,2019,False,0.0,0.55,False,False,적정,False,2020-03-30,https://dart.fss.or.kr/dsaf001/main.do?rcpNo=20200330003694,노민수,FINAL
005290,동진쎄미켐,2020,False,0.0,0.55,False,False,적정,False,2021-03-18,https://dart.fss.or.kr/dsaf001/main.do?rcpNo=20210318000597,노민수,FINAL
005290,동진쎄미켐,2021,False,0.0,0.55,False,False,적정,False,2022-03-17,https://dart.fss.or.kr/dsaf001/main.do?rcpNo=20220317000647,노민수,FINAL
005290,동진쎄미켐,2022,False,0.0,0.55,False,False,적정,False,2023-03-16,https://dart.fss.or.kr/dsaf001/main.do?rcpNo=20230316001000,노민수,FINAL
005290,동진쎄미켐,2023,False,0.0,0.55,False,False,적정,False,2024-03-14,https://dart.fss.or.kr/dsaf001/main.do?rcpNo=20240314001382,노민수,FINAL
005290,동진쎄미켐,2024,False,0.0,0.55,False,False,적정,False,2025-03-19,https://dart.fss.or.kr/dsaf001/main.do?rcpNo=20250319000732,노민수,FINAL
005290,동진쎄미켐,2025,False,0.0,0.55,False,False,적정,False,2026-03-19,https://dart.fss.or.kr/dsaf001/main.do?rcpNo=20260319000264,노민수,FINAL
005930,삼성전자,2019,True,0.01,0.31,True,False,적정,False,2020-03-30,https://dart.fss.or.kr/dsaf001/main.do?rcpNo=20200330003851,노민수,FINAL
005930,삼성전자,2020,True,0.01,0.31,True,False,적정,False,2021-03-09,https://dart.fss.or.kr/dsaf001/main.do?rcpNo=20210309000744,노민수,FINAL
005930,삼성전자,2021,True,0.02,0.31,True,False,적정,False,2022-03-08,https://dart.fss.or.kr/dsaf001/main.do?rcpNo=20220308000798,노민수,FINAL
005930,삼성전자,2022,True,0.03,0.31,True,False,적정,False,2023-03-07,https://dart.fss.or.kr/dsaf001/main.do?rcpNo=20230307000542,노민수,FINAL
005930,삼성전자,2023,True,0.05,0.31,True,False,적정,False,2024-03-12,https://dart.fss.or.kr/dsaf001/main.do?rcpNo=20240312000736,노민수,FINAL
005930,삼성전자,2024,True,0.08,0.31,True,False,적정,False,2025-03-11,https://dart.fss.or.kr/dsaf001/main.do?rcpNo=20250311001085,노민수,FINAL
005930,삼성전자,2025,True,0.1,0.31,True,False,적정,False,2026-03-10,https://dart.fss.or.kr/dsaf001/main.do?rcpNo=20260310002820,노민수,FINAL
007660,이수페타시스,2019,False,0.0,0.1,False,False,적정,False,2020-05-15,https://dart.fss.or.kr/dsaf001/main.do?rcpNo=20200515001654,노민수,FINAL
007660,이수페타시스,2020,False,0.0,0.1,False,False,적정,False,2021-03-23,https://dart.fss.or.kr/dsaf001/main.do?rcpNo=20210323001115,노민수,FINAL
007660,이수페타시스,2021,False,0.0,0.1,False,False,적정,False,2022-03-23,https://dart.fss.or.kr/dsaf001/main.do?rcpNo=20220323001140,노민수,FINAL
007660,이수페타시스,2022,False,0.0,0.1,False,False,적정,False,2023-03-23,https://dart.fss.or.kr/dsaf001/main.do?rcpNo=20230323001183,노민수,FINAL
007660,이수페타시스,2023,False,0.0,0.1,False,False,적정,False,2024-03-21,https://dart.fss.or.kr/dsaf001/main.do?rcpNo=20240321001149,노민수,FINAL
007660,이수페타시스,2024,False,0.02,0.1,False,False,적정,False,2025-03-20,https://dart.fss.or.kr/dsaf001/main.do?rcpNo=20250320001435,노민수,FINAL
007660,이수페타시스,2025,False,0.02,0.1,False,False,적정,False,2026-03-23,https://dart.fss.or.kr/dsaf001/main.do?rcpNo=20260323000847,노민수,FINAL
014680,한솔케미칼,2019,False,0.0,0.5,False,False,적정,False,2020-03-25,https://dart.fss.or.kr/dsaf001/main.do?rcpNo=20200325001299,노민수,FINAL
014680,한솔케미칼,2020,False,0.0,0.5,False,False,적정,False,2021-03-16,https://dart.fss.or.kr/dsaf001/main.do?rcpNo=20210316001222,노민수,FINAL
014680,한솔케미칼,2021,False,0.0,0.5,False,False,적정,False,2022-03-15,https://dart.fss.or.kr/dsaf001/main.do?rcpNo=20220315000012,노민수,FINAL
014680,한솔케미칼,2022,False,0.0,0.5,False,False,적정,False,2023-03-13,https://dart.fss.or.kr/dsaf001/main.do?rcpNo=20230313000732,노민수,FINAL
014680,한솔케미칼,2023,False,0.0,0.5,False,False,적정,False,2024-03-12,https://dart.fss.or.kr/dsaf001/main.do?rcpNo=20240312000921,노민수,FINAL
014680,한솔케미칼,2024,False,0.0,0.5,False,False,적정,False,2025-03-10,https://dart.fss.or.kr/dsaf001/main.do?rcpNo=20250310000865,노민수,FINAL
014680,한솔케미칼,2025,False,0.0,0.5,False,False,적정,False,2026-03-18,https://dart.fss.or.kr/dsaf001/main.do?rcpNo=20260318001424,노민수,FINAL
033160,엠케이전자,2019,False,0.0,0.5,False,False,적정,False,2020-03-30,https://dart.fss.or.kr/dsaf001/main.do?rcpNo=20200330003137,노민수,FINAL
033160,엠케이전자,2020,False,0.0,0.5,False,False,적정,False,2021-03-23,https://dart.fss.or.kr/dsaf001/main.do?rcpNo=20210323000531,노민수,FINAL
033160,엠케이전자,2021,False,0.0,0.5,False,False,적정,False,2022-03-23,https://dart.fss.or.kr/dsaf001/main.do?rcpNo=20220323001073,노민수,FINAL
033160,엠케이전자,2022,False,0.0,0.5,False,False,적정,False,2023-03-23,https://dart.fss.or.kr/dsaf001/main.do?rcpNo=20230323001008,노민수,FINAL
033160,엠케이전자,2023,False,0.0,0.5,False,False,적정,False,2024-03-21,https://dart.fss.or.kr/dsaf001/main.do?rcpNo=20240321001765,노민수,FINAL
033160,엠케이전자,2024,False,0.0,0.5,False,False,적정,False,2025-03-21,https://dart.fss.or.kr/dsaf001/main.do?rcpNo=20250321001427,노민수,FINAL
033160,엠케이전자,2025,False,0.0,0.5,False,False,적정,False,2026-03-23,https://dart.fss.or.kr/dsaf001/main.do?rcpNo=20260323001379,노민수,FINAL
036540,SFA반도체,2019,False,0.0,0.75,False,False,적정,False,2020-03-30,https://dart.fss.or.kr/dsaf001/main.do?rcpNo=20200330002872,노민수,FINAL
036540,SFA반도체,2020,False,0.0,0.75,False,False,적정,False,2021-03-19,https://dart.fss.or.kr/dsaf001/main.do?rcpNo=20210319000787,노민수,FINAL
036540,SFA반도체,2021,False,0.0,0.75,False,False,적정,False,2022-03-18,https://dart.fss.or.kr/dsaf001/main.do?rcpNo=20220318000698,노민수,FINAL
036540,SFA반도체,2022,False,0.0,0.75,False,False,적정,False,2023-03-20,https://dart.fss.or.kr/dsaf001/main.do?rcpNo=20230320000643,노민수,FINAL
036540,SFA반도체,2023,False,0.0,0.75,False,False,적정,False,2024-03-20,https://dart.fss.or.kr/dsaf001/main.do?rcpNo=20240320000826,노민수,FINAL
036540,SFA반도체,2024,False,0.0,0.75,False,False,적정,False,2025-03-21,https://dart.fss.or.kr/dsaf001/main.do?rcpNo=20250321000463,노민수,FINAL
036540,SFA반도체,2025,False,0.0,0.75,False,False,적정,False,2026-03-23,https://dart.fss.or.kr/dsaf001/main.do?rcpNo=20260323000826,노민수,FINAL
036930,주성엔지니어링,2019,False,0.0,0.7,False,False,적정,False,2020-03-30,https://dart.fss.or.kr/dsaf001/main.do?rcpNo=20200330003817,노민수,FINAL
036930,주성엔지니어링,2020,False,0.0,0.7,False,False,적정,False,2021-03-17,https://dart.fss.or.kr/dsaf001/main.do?rcpNo=20210317001221,노민수,FINAL
036930,주성엔지니어링,2021,False,0.0,0.7,False,False,적정,False,2022-03-21,https://dart.fss.or.kr/dsaf001/main.do?rcpNo=20220321001122,노민수,FINAL
036930,주성엔지니어링,2022,False,0.0,0.7,False,False,적정,False,2023-03-21,https://dart.fss.or.kr/dsaf001/main.do?rcpNo=20230321001180,노민수,FINAL
036930,주성엔지니어링,2023,False,0.0,0.7,False,False,적정,False,2024-03-18,https://dart.fss.or.kr/dsaf001/main.do?rcpNo=20240318000865,노민수,FINAL
036930,주성엔지니어링,2024,False,0.03,0.7,False,False,적정,False,2025-03-17,https://dart.fss.or.kr/dsaf001/main.do?rcpNo=20250317000470,노민수,FINAL
036930,주성엔지니어링,2025,False,0.03,0.7,False,False,적정,False,2026-03-18,https://dart.fss.or.kr/dsaf001/main.do?rcpNo=20260318000323,노민수,FINAL
039030,이오테크닉스,2019,False,0.0,0.5,False,False,적정,False,2020-03-30,https://dart.fss.or.kr/dsaf001/main.do?rcpNo=20200330003030,노민수,FINAL
039030,이오테크닉스,2020,False,0.0,0.5,False,False,적정,False,2021-03-18,https://dart.fss.or.kr/dsaf001/main.do?rcpNo=20210318001314,노민수,FINAL
039030,이오테크닉스,2021,False,0.0,0.5,False,False,적정,False,2022-03-21,https://dart.fss.or.kr/dsaf001/main.do?rcpNo=20220321001425,노민수,FINAL
039030,이오테크닉스,2022,False,0.0,0.5,False,False,적정,False,2023-03-21,https://dart.fss.or.kr/dsaf001/main.do?rcpNo=20230321001354,노민수,FINAL
039030,이오테크닉스,2023,False,0.0,0.5,False,False,적정,False,2024-03-20,https://dart.fss.or.kr/dsaf001/main.do?rcpNo=20240320001082,노민수,FINAL
039030,이오테크닉스,2024,False,0.0,0.5,False,False,적정,False,2025-03-20,https://dart.fss.or.kr/dsaf001/main.do?rcpNo=20250320001508,노민수,FINAL
039030,이오테크닉스,2025,False,0.0,0.5,False,False,적정,False,2026-03-23,https://dart.fss.or.kr/dsaf001/main.do?rcpNo=20260323001573,노민수,FINAL
042700,한미반도체,2019,False,0.1,0.8,True,True,적정,False,2020-03-27,https://dart.fss.or.kr/dsaf001/main.do?rcpNo=20200327001498,노민수,FINAL
042700,한미반도체,2020,False,0.1,0.8,True,True,적정,False,2021-03-11,https://dart.fss.or.kr/dsaf001/main.do?rcpNo=20210311000922,노민수,FINAL
042700,한미반도체,2021,False,0.15,0.8,True,True,적정,False,2022-03-10,https://dart.fss.or.kr/dsaf001/main.do?rcpNo=20220310001098,노민수,FINAL
042700,한미반도체,2022,False,0.25,0.8,True,True,적정,False,2023-03-16,https://dart.fss.or.kr/dsaf001/main.do?rcpNo=20230316001554,노민수,FINAL
042700,한미반도체,2023,False,0.35,0.8,True,True,적정,False,2024-03-14,https://dart.fss.or.kr/dsaf001/main.do?rcpNo=20240314001257,노민수,FINAL
042700,한미반도체,2024,False,0.55,0.8,True,True,적정,False,2025-03-13,https://dart.fss.or.kr/dsaf001/main.do?rcpNo=20250313001171,노민수,FINAL
042700,한미반도체,2025,False,0.6,0.8,True,True,적정,False,2026-03-12,https://dart.fss.or.kr/dsaf001/main.do?rcpNo=20260312001230,노민수,FINAL
061970,LB세미콘,2019,False,0.0,0.3,False,False,적정,False,2020-03-30,https://dart.fss.or.kr/dsaf001/main.do?rcpNo=20200330000279,노민수,FINAL
061970,LB세미콘,2020,False,0.0,0.3,False,False,적정,False,2021-03-18,https://dart.fss.or.kr/dsaf001/main.do?rcpNo=20210318000300,노민수,FINAL
061970,LB세미콘,2021,False,0.0,0.25,False,False,적정,False,2022-03-18,https://dart.fss.or.kr/dsaf001/main.do?rcpNo=20220318000595,노민수,FINAL
061970,LB세미콘,2022,False,0.0,0.25,False,False,적정,False,2023-03-17,https://dart.fss.or.kr/dsaf001/main.do?rcpNo=20230317000109,노민수,FINAL
061970,LB세미콘,2023,False,0.0,0.2,False,False,적정,False,2024-03-19,https://dart.fss.or.kr/dsaf001/main.do?rcpNo=20240319000011,노민수,FINAL
061970,LB세미콘,2024,False,0.01,0.2,False,False,적정,False,2025-03-20,https://dart.fss.or.kr/dsaf001/main.do?rcpNo=20250320000568,노민수,FINAL
061970,LB세미콘,2025,False,0.02,0.2,False,False,적정,False,2026-03-20,https://dart.fss.or.kr/dsaf001/main.do?rcpNo=20260320000806,노민수,FINAL
064290,인텍플러스,2019,False,0.0,0.4,False,False,적정,False,2020-03-30,https://dart.fss.or.kr/dsaf001/main.do?rcpNo=20200330001988,노민수,FINAL
064290,인텍플러스,2020,False,0.0,0.4,False,False,적정,False,2021-03-17,https://dart.fss.or.kr/dsaf001/main.do?rcpNo=20210317000288,노민수,FINAL
064290,인텍플러스,2021,False,0.0,0.4,False,False,적정,False,2022-03-21,https://dart.fss.or.kr/dsaf001/main.do?rcpNo=20220321001214,노민수,FINAL
064290,인텍플러스,2022,False,0.0,0.4,False,False,적정,False,2023-03-20,https://dart.fss.or.kr/dsaf001/main.do?rcpNo=20230320000930,노민수,FINAL
064290,인텍플러스,2023,False,0.0,0.4,False,False,적정,False,2024-03-20,https://dart.fss.or.kr/dsaf001/main.do?rcpNo=20240320001790,노민수,FINAL
064290,인텍플러스,2024,False,0.0,0.4,False,False,적정,False,2025-03-18,https://dart.fss.or.kr/dsaf001/main.do?rcpNo=20250318000533,노민수,FINAL
064290,인텍플러스,2025,False,0.0,0.4,False,False,적정,False,2026-03-18,https://dart.fss.or.kr/dsaf001/main.do?rcpNo=20260318001550,노민수,FINAL
067310,하나마이크론,2019,False,0.0,0.6,False,False,적정,False,2020-03-30,https://dart.fss.or.kr/dsaf001/main.do?rcpNo=20200330003994,노민수,FINAL
067310,하나마이크론,2020,False,0.0,0.6,False,False,적정,False,2021-03-22,https://dart.fss.or.kr/dsaf001/main.do?rcpNo=20210322001096,노민수,FINAL
067310,하나마이크론,2021,False,0.0,0.6,False,False,적정,False,2022-03-22,https://dart.fss.or.kr/dsaf001/main.do?rcpNo=20220322001105,노민수,FINAL
067310,하나마이크론,2022,False,0.0,0.6,False,False,적정,False,2023-03-27,https://dart.fss.or.kr/dsaf001/main.do?rcpNo=20230327000992,노민수,FINAL
067310,하나마이크론,2023,False,0.0,0.6,False,False,적정,False,2024-03-20,https://dart.fss.or.kr/dsaf001/main.do?rcpNo=20240320001644,노민수,FINAL
067310,하나마이크론,2024,False,0.0,0.6,False,False,적정,False,2025-03-20,https://dart.fss.or.kr/dsaf001/main.do?rcpNo=20250320001741,노민수,FINAL
067310,하나마이크론,2025,False,0.03,0.6,False,False,적정,False,2026-03-19,https://dart.fss.or.kr/dsaf001/main.do?rcpNo=20260319000032,노민수,FINAL
086390,유니테스트,2019,False,0.0,0.55,False,False,적정,False,2020-03-30,https://dart.fss.or.kr/dsaf001/main.do?rcpNo=20200330002110,노민수,FINAL
086390,유니테스트,2020,False,0.0,0.55,False,False,적정,False,2021-03-19,https://dart.fss.or.kr/dsaf001/main.do?rcpNo=20210319000798,노민수,FINAL
086390,유니테스트,2021,False,0.0,0.55,False,False,적정,False,2022-03-18,https://dart.fss.or.kr/dsaf001/main.do?rcpNo=20220318000590,노민수,FINAL
086390,유니테스트,2022,False,0.0,0.55,False,False,적정,False,2023-03-17,https://dart.fss.or.kr/dsaf001/main.do?rcpNo=20230317000305,노민수,FINAL
086390,유니테스트,2023,False,0.0,0.55,False,False,적정,False,2024-03-15,https://dart.fss.or.kr/dsaf001/main.do?rcpNo=20240315000507,노민수,FINAL
086390,유니테스트,2024,False,0.0,0.55,False,False,적정,False,2025-03-20,https://dart.fss.or.kr/dsaf001/main.do?rcpNo=20250320001517,노민수,FINAL
086390,유니테스트,2025,False,0.0,0.55,False,False,적정,False,2026-03-19,https://dart.fss.or.kr/dsaf001/main.do?rcpNo=20260319001022,노민수,FINAL
089030,테크윙,2019,False,0.0,0.8,False,False,적정,False,2020-03-30,https://dart.fss.or.kr/dsaf001/main.do?rcpNo=20200330004520,노민수,FINAL
089030,테크윙,2020,False,0.0,0.8,False,False,적정,False,2021-03-19,https://dart.fss.or.kr/dsaf001/main.do?rcpNo=20210319000891,노민수,FINAL
089030,테크윙,2021,False,0.0,0.8,False,False,적정,False,2022-03-18,https://dart.fss.or.kr/dsaf001/main.do?rcpNo=20220318000951,노민수,FINAL
089030,테크윙,2022,False,0.0,0.8,False,False,적정,False,2023-03-20,https://dart.fss.or.kr/dsaf001/main.do?rcpNo=20230320000810,노민수,FINAL
089030,테크윙,2023,False,0.1,0.8,False,False,적정,False,2024-03-18,https://dart.fss.or.kr/dsaf001/main.do?rcpNo=20240318000386,노민수,FINAL
089030,테크윙,2024,False,0.2,0.8,True,True,적정,False,2025-03-17,https://dart.fss.or.kr/dsaf001/main.do?rcpNo=20250317000416,노민수,FINAL
089030,테크윙,2025,False,0.3,0.8,True,True,적정,False,2026-03-16,https://dart.fss.or.kr/dsaf001/main.do?rcpNo=20260316000733,노민수,FINAL
095340,ISC,2019,False,0.0,0.7,False,False,적정,False,2020-03-27,https://dart.fss.or.kr/dsaf001/main.do?rcpNo=20200327001460,노민수,FINAL
095340,ISC,2020,False,0.0,0.65,False,False,적정,False,2021-03-18,https://dart.fss.or.kr/dsaf001/main.do?rcpNo=20210318001205,노민수,FINAL
095340,ISC,2021,False,0.0,0.55,False,False,적정,False,2022-03-23,https://dart.fss.or.kr/dsaf001/main.do?rcpNo=20220323001372,노민수,FINAL
095340,ISC,2022,False,0.0,0.45,False,False,적정,False,2023-03-23,https://dart.fss.or.kr/dsaf001/main.do?rcpNo=20230323001540,노민수,FINAL
095340,ISC,2023,False,0.0,0.3,False,False,적정,False,2024-03-20,https://dart.fss.or.kr/dsaf001/main.do?rcpNo=20240320001457,노민수,FINAL
095340,ISC,2024,False,0.05,0.2,False,False,적정,False,2025-03-17,https://dart.fss.or.kr/dsaf001/main.do?rcpNo=20250317000044,노민수,FINAL
095340,ISC,2025,False,0.15,0.15,False,False,적정,False,2026-03-18,https://dart.fss.or.kr/dsaf001/main.do?rcpNo=20260318000018,노민수,FINAL
102710,이엔에프테크놀로지,2019,False,0.0,0.65,False,False,적정,False,2020-03-30,https://dart.fss.or.kr/dsaf001/main.do?rcpNo=20200330001383,노민수,FINAL
102710,이엔에프테크놀로지,2020,False,0.0,0.65,False,False,적정,False,2021-03-22,https://dart.fss.or.kr/dsaf001/main.do?rcpNo=20210322001056,노민수,FINAL
102710,이엔에프테크놀로지,2021,False,0.0,0.65,False,False,적정,False,2022-03-21,https://dart.fss.or.kr/dsaf001/main.do?rcpNo=20220321001292,노민수,FINAL
102710,이엔에프테크놀로지,2022,False,0.0,0.65,False,False,적정,False,2023-03-21,https://dart.fss.or.kr/dsaf001/main.do?rcpNo=20230321001496,노민수,FINAL
102710,이엔에프테크놀로지,2023,False,0.0,0.65,False,False,적정,False,2024-03-18,https://dart.fss.or.kr/dsaf001/main.do?rcpNo=20240318000888,노민수,FINAL
102710,이엔에프테크놀로지,2024,False,0.0,0.65,False,False,적정,False,2025-03-17,https://dart.fss.or.kr/dsaf001/main.do?rcpNo=20250317000794,노민수,FINAL
102710,이엔에프테크놀로지,2025,False,0.03,0.65,False,False,적정,False,2026-03-16,https://dart.fss.or.kr/dsaf001/main.do?rcpNo=20260316000534,노민수,FINAL
104830,원익머트리얼즈,2019,False,0.0,0.6,False,False,적정,False,2020-03-30,https://dart.fss.or.kr/dsaf001/main.do?rcpNo=20200330000914,노민수,FINAL
104830,원익머트리얼즈,2020,False,0.0,0.6,False,False,적정,False,2021-03-16,https://dart.fss.or.kr/dsaf001/main.do?rcpNo=20210316000446,노민수,FINAL
104830,원익머트리얼즈,2021,False,0.0,0.6,False,False,적정,False,2022-03-21,https://dart.fss.or.kr/dsaf001/main.do?rcpNo=20220321000613,노민수,FINAL
104830,원익머트리얼즈,2022,False,0.0,0.6,False,False,적정,False,2023-03-21,https://dart.fss.or.kr/dsaf001/main.do?rcpNo=20230321001190,노민수,FINAL
104830,원익머트리얼즈,2023,False,0.0,0.6,False,False,적정,False,2024-03-20,https://dart.fss.or.kr/dsaf001/main.do?rcpNo=20240320000451,노민수,FINAL
104830,원익머트리얼즈,2024,False,0.0,0.6,False,False,적정,False,2025-03-18,https://dart.fss.or.kr/dsaf001/main.do?rcpNo=20250318000996,노민수,FINAL
104830,원익머트리얼즈,2025,False,0.02,0.6,False,False,적정,False,2026-03-18,https://dart.fss.or.kr/dsaf001/main.do?rcpNo=20260318000451,노민수,FINAL
112290,와이씨켐,2022,False,0.0,0.75,False,False,적정,False,2023-03-16,https://dart.fss.or.kr/dsaf001/main.do?rcpNo=20230316000592,노민수,FINAL
112290,와이씨켐,2023,False,0.05,0.75,True,True,적정,False,2024-03-21,https://dart.fss.or.kr/dsaf001/main.do?rcpNo=20240321001671,노민수,FINAL
112290,와이씨켐,2024,False,0.08,0.75,True,True,적정,False,2025-03-20,https://dart.fss.or.kr/dsaf001/main.do?rcpNo=20250320001693,노민수,FINAL
112290,와이씨켐,2025,False,0.1,0.75,True,True,적정,False,2026-03-18,https://dart.fss.or.kr/dsaf001/main.do?rcpNo=20260318000721,노민수,FINAL
131290,티에스이,2019,False,0.0,0.6,False,False,적정,False,2020-03-30,https://dart.fss.or.kr/dsaf001/main.do?rcpNo=20200330004349,노민수,FINAL
131290,티에스이,2020,False,0.0,0.6,False,False,적정,False,2021-03-18,https://dart.fss.or.kr/dsaf001/main.do?rcpNo=20210318000935,노민수,FINAL
131290,티에스이,2021,False,0.0,0.6,False,False,적정,False,2022-03-17,https://dart.fss.or.kr/dsaf001/main.do?rcpNo=20220317001095,노민수,FINAL
131290,티에스이,2022,False,0.0,0.6,False,False,적정,False,2023-03-16,https://dart.fss.or.kr/dsaf001/main.do?rcpNo=20230316001324,노민수,FINAL
131290,티에스이,2023,False,0.03,0.6,False,False,적정,False,2024-03-19,https://dart.fss.or.kr/dsaf001/main.do?rcpNo=20240319000734,노민수,FINAL
131290,티에스이,2024,False,0.05,0.6,False,False,적정,False,2025-03-19,https://dart.fss.or.kr/dsaf001/main.do?rcpNo=20250319000741,노민수,FINAL
131290,티에스이,2025,False,0.05,0.6,False,False,적정,False,2026-03-18,https://dart.fss.or.kr/dsaf001/main.do?rcpNo=20260318000738,노민수,FINAL
166090,하나머티리얼즈,2019,False,0.0,0.5,False,False,적정,False,2020-03-30,https://dart.fss.or.kr/dsaf001/main.do?rcpNo=20200330002561,노민수,FINAL
166090,하나머티리얼즈,2020,False,0.0,0.5,False,False,적정,False,2021-03-12,https://dart.fss.or.kr/dsaf001/main.do?rcpNo=20210312001146,노민수,FINAL
166090,하나머티리얼즈,2021,False,0.0,0.5,False,False,적정,False,2022-03-11,https://dart.fss.or.kr/dsaf001/main.do?rcpNo=20220311001059,노민수,FINAL
166090,하나머티리얼즈,2022,False,0.0,0.5,False,False,적정,False,2023-03-10,https://dart.fss.or.kr/dsaf001/main.do?rcpNo=20230310001059,노민수,FINAL
166090,하나머티리얼즈,2023,False,0.0,0.5,False,False,적정,False,2024-03-15,https://dart.fss.or.kr/dsaf001/main.do?rcpNo=20240315000450,노민수,FINAL
166090,하나머티리얼즈,2024,False,0.0,0.5,False,False,적정,False,2025-03-14,https://dart.fss.or.kr/dsaf001/main.do?rcpNo=20250314001222,노민수,FINAL
166090,하나머티리얼즈,2025,False,0.0,0.5,False,False,적정,False,2026-03-13,https://dart.fss.or.kr/dsaf001/main.do?rcpNo=20260313001351,노민수,FINAL
195870,해성디에스,2019,False,0.0,0.35,False,False,적정,False,2020-03-30,https://dart.fss.or.kr/dsaf001/main.do?rcpNo=20200330002338,노민수,FINAL
195870,해성디에스,2020,False,0.0,0.35,False,False,적정,False,2021-03-18,https://dart.fss.or.kr/dsaf001/main.do?rcpNo=20210318000717,노민수,FINAL
195870,해성디에스,2021,False,0.0,0.35,False,False,적정,False,2022-03-21,https://dart.fss.or.kr/dsaf001/main.do?rcpNo=20220321000936,노민수,FINAL
195870,해성디에스,2022,False,0.0,0.35,False,False,적정,False,2023-03-16,https://dart.fss.or.kr/dsaf001/main.do?rcpNo=20230316000981,노민수,FINAL
195870,해성디에스,2023,False,0.0,0.35,False,False,적정,False,2024-03-14,https://dart.fss.or.kr/dsaf001/main.do?rcpNo=20240314001380,노민수,FINAL
195870,해성디에스,2024,False,0.0,0.35,False,False,적정,False,2025-03-14,https://dart.fss.or.kr/dsaf001/main.do?rcpNo=20250314001664,노민수,FINAL
195870,해성디에스,2025,False,0.0,0.35,False,False,적정,False,2026-03-18,https://dart.fss.or.kr/dsaf001/main.do?rcpNo=20260318001527,노민수,FINAL
222800,심텍,2019,False,0.0,0.75,False,False,적정,False,2020-03-30,https://dart.fss.or.kr/dsaf001/main.do?rcpNo=20200330002427,노민수,FINAL
222800,심텍,2020,False,0.0,0.75,False,False,적정,False,2021-03-17,https://dart.fss.or.kr/dsaf001/main.do?rcpNo=20210317001244,노민수,FINAL
222800,심텍,2021,False,0.0,0.75,False,False,적정,False,2022-03-21,https://dart.fss.or.kr/dsaf001/main.do?rcpNo=20220321001461,노민수,FINAL
222800,심텍,2022,False,0.0,0.75,False,False,적정,False,2023-03-22,https://dart.fss.or.kr/dsaf001/main.do?rcpNo=20230322001163,노민수,FINAL
222800,심텍,2023,False,0.0,0.75,False,False,적정,False,2024-03-21,https://dart.fss.or.kr/dsaf001/main.do?rcpNo=20240321000928,노민수,FINAL
222800,심텍,2024,False,0.0,0.75,False,False,적정,False,2025-03-18,https://dart.fss.or.kr/dsaf001/main.do?rcpNo=20250318000476,노민수,FINAL
222800,심텍,2025,False,0.0,0.75,False,False,적정,False,2026-03-17,https://dart.fss.or.kr/dsaf001/main.do?rcpNo=20260317000641,노민수,FINAL
253590,네오셈,2019,False,0.0,0.9,False,False,적정,False,2020-03-27,https://dart.fss.or.kr/dsaf001/main.do?rcpNo=20200327002120,노민수,FINAL
253590,네오셈,2020,False,0.0,0.9,False,False,적정,False,2021-03-17,https://dart.fss.or.kr/dsaf001/main.do?rcpNo=20210317000853,노민수,FINAL
253590,네오셈,2021,False,0.0,0.9,False,False,적정,False,2022-03-21,https://dart.fss.or.kr/dsaf001/main.do?rcpNo=20220321000254,노민수,FINAL
253590,네오셈,2022,False,0.0,0.9,False,False,적정,False,2023-03-21,https://dart.fss.or.kr/dsaf001/main.do?rcpNo=20230321000343,노민수,FINAL
253590,네오셈,2023,False,0.0,0.9,False,False,적정,False,2024-03-19,https://dart.fss.or.kr/dsaf001/main.do?rcpNo=20240319000520,노민수,FINAL
253590,네오셈,2024,False,0.02,0.9,False,False,적정,False,2025-03-18,https://dart.fss.or.kr/dsaf001/main.do?rcpNo=20250318000990,노민수,FINAL
253590,네오셈,2025,False,0.05,0.9,False,False,적정,False,2026-03-18,https://dart.fss.or.kr/dsaf001/main.do?rcpNo=20260318000748,노민수,FINAL
281820,케이씨텍,2019,False,0.0,0.6,False,False,적정,False,2020-03-30,https://dart.fss.or.kr/dsaf001/main.do?rcpNo=20200330003126,노민수,FINAL
281820,케이씨텍,2020,False,0.0,0.6,False,False,적정,False,2021-03-16,https://dart.fss.or.kr/dsaf001/main.do?rcpNo=20210316001143,노민수,FINAL
281820,케이씨텍,2021,False,0.0,0.6,False,False,적정,False,2022-03-21,https://dart.fss.or.kr/dsaf001/main.do?rcpNo=20220321000733,노민수,FINAL
281820,케이씨텍,2022,False,0.0,0.6,False,False,적정,False,2023-03-21,https://dart.fss.or.kr/dsaf001/main.do?rcpNo=20230321001167,노민수,FINAL
281820,케이씨텍,2023,False,0.0,0.6,False,False,적정,False,2024-03-20,https://dart.fss.or.kr/dsaf001/main.do?rcpNo=20240320001528,노민수,FINAL
281820,케이씨텍,2024,False,0.0,0.6,False,False,적정,False,2025-03-18,https://dart.fss.or.kr/dsaf001/main.do?rcpNo=20250318001445,노민수,FINAL
281820,케이씨텍,2025,False,0.0,0.6,False,False,적정,False,2026-03-13,https://dart.fss.or.kr/dsaf001/main.do?rcpNo=20260313001174,노민수,FINAL
322310,오로스테크놀로지,2020,False,0.0,0.8,False,False,적정,False,2021-03-19,https://dart.fss.or.kr/dsaf001/main.do?rcpNo=20210319000866,노민수,FINAL
322310,오로스테크놀로지,2021,False,0.0,0.8,False,False,적정,False,2022-03-18,https://dart.fss.or.kr/dsaf001/main.do?rcpNo=20220318000707,노민수,FINAL
322310,오로스테크놀로지,2022,False,0.0,0.8,False,False,적정,False,2023-03-17,https://dart.fss.or.kr/dsaf001/main.do?rcpNo=20230317000628,노민수,FINAL
322310,오로스테크놀로지,2023,False,0.0,0.8,False,False,적정,False,2024-03-19,https://dart.fss.or.kr/dsaf001/main.do?rcpNo=20240319000213,노민수,FINAL
322310,오로스테크놀로지,2024,False,0.02,0.8,False,False,적정,False,2025-03-12,https://dart.fss.or.kr/dsaf001/main.do?rcpNo=20250312000665,노민수,FINAL
322310,오로스테크놀로지,2025,False,0.03,0.8,False,False,적정,False,2026-03-13,https://dart.fss.or.kr/dsaf001/main.do?rcpNo=20260313000952,노민수,FINAL
348210,넥스틴,2020,False,0.0,0.65,False,False,적정,False,2021-03-11,https://dart.fss.or.kr/dsaf001/main.do?rcpNo=20210311000702,노민수,FINAL
348210,넥스틴,2021,False,0.0,0.65,False,False,적정,False,2022-03-21,https://dart.fss.or.kr/dsaf001/main.do?rcpNo=20220321001176,노민수,FINAL
348210,넥스틴,2022,False,0.0,0.65,False,False,적정,False,2023-03-17,https://dart.fss.or.kr/dsaf001/main.do?rcpNo=20230317000481,노민수,FINAL
348210,넥스틴,2023,False,0.02,0.65,True,False,적정,False,2024-03-20,https://dart.fss.or.kr/dsaf001/main.do?rcpNo=20240320001253,노민수,FINAL
348210,넥스틴,2024,False,0.05,0.65,True,False,적정,False,2025-03-14,https://dart.fss.or.kr/dsaf001/main.do?rcpNo=20250314001000,노민수,FINAL
348210,넥스틴,2025,False,0.5,0.65,True,False,적정,False,2026-03-16,https://dart.fss.or.kr/dsaf001/main.do?rcpNo=20260316001405,노민수,FINAL
353200,대덕전자,2020,False,0.0,0.45,False,False,적정,False,2021-03-17,https://dart.fss.or.kr/dsaf001/main.do?rcpNo=20210317001256,노민수,FINAL
353200,대덕전자,2021,False,0.0,0.45,False,False,적정,False,2022-03-16,https://dart.fss.or.kr/dsaf001/main.do?rcpNo=20220316001352,노민수,FINAL
353200,대덕전자,2022,False,0.0,0.45,False,False,적정,False,2023-03-14,https://dart.fss.or.kr/dsaf001/main.do?rcpNo=20230314001258,노민수,FINAL
353200,대덕전자,2023,False,0.0,0.45,False,False,적정,False,2024-03-20,https://dart.fss.or.kr/dsaf001/main.do?rcpNo=20240320001649,노민수,FINAL
353200,대덕전자,2024,False,0.0,0.45,False,False,적정,False,2025-03-19,https://dart.fss.or.kr/dsaf001/main.do?rcpNo=20250319000892,노민수,FINAL
353200,대덕전자,2025,False,0.0,0.45,False,False,적정,False,2026-03-18,https://dart.fss.or.kr/dsaf001/main.do?rcpNo=20260318001514,노민수,FINAL
357780,솔브레인,2020,False,0.0,0.7,False,False,적정,False,2021-03-19,https://dart.fss.or.kr/dsaf001/main.do?rcpNo=20210319001183,노민수,FINAL
357780,솔브레인,2021,False,0.0,0.7,False,False,적정,False,2022-03-21,https://dart.fss.or.kr/dsaf001/main.do?rcpNo=20220321001441,노민수,FINAL
357780,솔브레인,2022,False,0.0,0.7,False,False,적정,False,2023-03-21,https://dart.fss.or.kr/dsaf001/main.do?rcpNo=20230321001420,노민수,FINAL
357780,솔브레인,2023,False,0.02,0.7,False,False,적정,False,2024-03-18,https://dart.fss.or.kr/dsaf001/main.do?rcpNo=20240318000832,노민수,FINAL
357780,솔브레인,2024,False,0.05,0.7,False,False,적정,False,2025-03-17,https://dart.fss.or.kr/dsaf001/main.do?rcpNo=20250317000913,노민수,FINAL
357780,솔브레인,2025,False,0.05,0.7,False,False,적정,False,2026-03-16,https://dart.fss.or.kr/dsaf001/main.do?rcpNo=20260316001567,노민수,FINAL
394280,오픈엣지테크놀로지,2022,False,0.05,0.2,False,False,적정,False,2023-03-23,https://dart.fss.or.kr/dsaf001/main.do?rcpNo=20230323001052,노민수,FINAL
394280,오픈엣지테크놀로지,2023,False,0.08,0.2,False,False,적정,False,2024-03-21,https://dart.fss.or.kr/dsaf001/main.do?rcpNo=20240321000788,노민수,FINAL
394280,오픈엣지테크놀로지,2024,False,0.1,0.2,False,False,적정,False,2025-03-20,https://dart.fss.or.kr/dsaf001/main.do?rcpNo=20250320000861,노민수,FINAL
394280,오픈엣지테크놀로지,2025,False,0.1,0.2,False,False,적정,False,2026-03-19,https://dart.fss.or.kr/dsaf001/main.do?rcpNo=20260319001410,노민수,FINAL
403870,HPSP,2022,False,0.0,0.4,False,False,적정,False,2023-03-22,https://dart.fss.or.kr/dsaf001/main.do?rcpNo=20230322001198,노민수,FINAL
403870,HPSP,2023,False,0.0,0.4,False,False,적정,False,2024-03-21,https://dart.fss.or.kr/dsaf001/main.do?rcpNo=20240321001060,노민수,FINAL
403870,HPSP,2024,False,0.0,0.4,False,False,적정,False,2025-03-20,https://dart.fss.or.kr/dsaf001/main.do?rcpNo=20250320001013,노민수,FINAL
403870,HPSP,2025,False,0.0,0.4,False,False,적정,False,2026-03-19,https://dart.fss.or.kr/dsaf001/main.do?rcpNo=20260319000776,노민수,FINAL
425040,티이엠씨,2022,False,0.0,0.8,False,False,적정,False,2023-03-20,https://dart.fss.or.kr/dsaf001/main.do?rcpNo=20230320000928,노민수,FINAL
425040,티이엠씨,2023,False,0.0,0.8,False,False,적정,False,2024-03-20,https://dart.fss.or.kr/dsaf001/main.do?rcpNo=20240320001612,노민수,FINAL
425040,티이엠씨,2024,False,0.0,0.8,False,False,적정,False,2025-03-18,https://dart.fss.or.kr/dsaf001/main.do?rcpNo=20250318000974,노민수,FINAL
425040,티이엠씨,2025,False,0.0,0.8,False,False,적정,False,2026-03-18,https://dart.fss.or.kr/dsaf001/main.do?rcpNo=20260318001356,노민수,FINAL
