ticker,name,fiscal_year,report_nm,rcept_no,rcept_dt,source_url,raw_sha256,raw_bytes,hbm_hits,status,disclosed_at,led_rcept_no,hbm_exposure,judgment_status,verdict,flag_zero_hbm
000660,SK하이닉스,2019,사업보고서 (2019.12),20200330004441,20200330,https://dart.fss.or.kr/dsaf001/main.do?rcpNo=20200330004441,9F982E31ECC1462AE8D6F7096F04DAD0ECAFB6FD3424DD9E639EA604A3F41B44,855264,8,OK,2020-03-30,20200330004441,0.05,FINAL,MATCH,False
000660,SK하이닉스,2020,사업보고서 (2020.12),20210322000782,20210322,https://dart.fss.or.kr/dsaf001/main.do?rcpNo=20210322000782,07B3D9D99CC1A4ACD6F2A836ED84B653A616D82D0B756A139201CD5D756A1F9B,899285,13,OK,2021-03-22,20210322000782,0.08,FINAL,MATCH,False
000660,SK하이닉스,2021,사업보고서 (2021.12),20220322000590,20220322,https://dart.fss.or.kr/dsaf001/main.do?rcpNo=20220322000590,27DC8A48D5A530D8F434F285B2969580D65580399EF9DCA4BAFB234AEF326479,932668,11,OK,2022-03-22,20220322000590,0.1,FINAL,MATCH,False
000660,SK하이닉스,2022,사업보고서 (2022.12),20230321001209,20230321,https://dart.fss.or.kr/dsaf001/main.do?rcpNo=20230321001209,3E9DE5E479067E07FB48C5D9ABFAC1F45D8FB8A480D359AF75C2972DF4330FE6,972467,15,OK,2023-03-21,20230321001209,0.15,FINAL,MATCH,False
000660,SK하이닉스,2023,사업보고서 (2023.12),20240319000684,20240319,https://dart.fss.or.kr/dsaf001/main.do?rcpNo=20240319000684,16EADF1FEF6197D4C714B0CBE84E0710B4D75A52BE330DAC1092677DAA86AF97,999013,37,OK,2024-03-19,20240319000684,0.25,FINAL,MATCH,False
000660,SK하이닉스,2024,사업보고서 (2024.12),20250319000665,20250319,https://dart.fss.or.kr/dsaf001/main.do?rcpNo=20250319000665,2AA7EB1722FD6FE24E8364B8840BAA46D50E77CDD9DECE6B3C93B4863A655C96,975247,47,OK,2025-03-19,20250319000665,0.35,FINAL,MATCH,False
000660,SK하이닉스,2025,사업보고서 (2025.12),20260317000635,20260317,https://dart.fss.or.kr/dsaf001/main.do?rcpNo=20260317000635,7BAB5EBE284DDBE2F671B62A8538E9318D03F00007BD23C63D7335BD35A47386,991578,58,OK,2026-03-17,20260317000635,0.4,FINAL,MATCH,False
003160,디아이,2019,사업보고서 (2019.12),20200330003463,20200330,https://dart.fss.or.kr/dsaf001/main.do?rcpNo=20200330003463,0AB8A18ABAFF80024AAA103FB2F21F9F341744159F465E8A987235ED591A3AC7,537748,0,OK,2020-03-30,20200330003463,0.0,FINAL,MATCH,False
003160,디아이,2020,사업보고서 (2020.12),20210318000533,20210318,https://dart.fss.or.kr/dsaf001/main.do?rcpNo=20210318000533,4AF908C59FCFAFA61875C60C593635B53D2907A723154F7A784ECB7AF28654E0,539515,0,OK,2021-03-18,20210318000533,0.0,FINAL,MATCH,False
003160,디아이,2021,사업보고서 (2021.12),20220317001034,20220317,https://dart.fss.or.kr/dsaf001/main.do?rcpNo=20220317001034,1DC0AE375CF32C8F06356091F912964170E2323A1B41611C9F21C9E6140581EB,552994,0,OK,2022-03-17,20220317001034,0.0,FINAL,MATCH,False
003160,디아이,2022,사업보고서 (2022.12),20230316001051,20230316,https://dart.fss.or.kr/dsaf001/main.do?rcpNo=20230316001051,465AAC6F6186EB682A6DF70DC6E011CF11DE1406C68722A5593196D56E1EA858,552407,0,OK,2023-03-16,20230316001051,0.0,FINAL,MATCH,False
003160,디아이,2023,사업보고서 (2023.12),20240314001500,20240314,https://dart.fss.or.kr/dsaf001/main.do?rcpNo=20240314001500,F8CCAF343DEC77C372B2F0191DD6F0479299C75C4408DFF4CF3F557AEA23501D,542020,1,OK,2024-03-14,20240314001500,0.0,FINAL,MATCH,False
003160,디아이,2024,사업보고서 (2024.12),20250313001050,20250313,https://dart.fss.or.kr/dsaf001/main.do?rcpNo=20250313001050,1DDE44F02873FDA37ED216255A0F8E4D3122A9B60046A1CC19093376F12ED7C4,547794,9,OK,2025-03-13,20250313001050,0.15,FINAL,MATCH,False
003160,디아이,2025,사업보고서 (2025.12),20260312001121,20260312,https://dart.fss.or.kr/dsaf001/main.do?rcpNo=20260312001121,FC93220EAD3B75976DCACBB7D5C59BE1E8B6738C06C202E0260022168C22926F,579651,14,OK,2026-03-12,20260312001121,0.35,FINAL,MATCH,False
005290,동진쎄미켐,2019,사업보고서 (2019.12),20200330003694,20200330,https://dart.fss.or.kr/dsaf001/main.do?rcpNo=20200330003694,A3EC0327B679C5A1431412AF6FB8E54EA826921BD39B30B87D429105C3CD32A7,606231,0,OK,2020-03-30,20200330003694,0.0,FINAL,MATCH,False
005290,동진쎄미켐,2020,사업보고서 (2020.12),20210318000597,20210318,https://dart.fss.or.kr/dsaf001/main.do?rcpNo=20210318000597,F44297C6F17C993789D39C1BF04EA2DD30A47295F92A25B1D5D1178D0FB2D777,619300,0,OK,2021-03-18,20210318000597,0.0,FINAL,MATCH,False
005290,동진쎄미켐,2021,사업보고서 (2021.12),20220317000647,20220317,https://dart.fss.or.kr/dsaf001/main.do?rcpNo=20220317000647,AB11B5CABF372C1FE555AB732AAA85BCB5381FCDD1038ADC30183F112FE728BE,653344,0,OK,2022-03-17,20220317000647,0.0,FINAL,MATCH,False
005290,동진쎄미켐,2022,사업보고서 (2022.12),20230316001000,20230316,https://dart.fss.or.kr/dsaf001/main.do?rcpNo=20230316001000,6D15AF49EFD8BDC1D8FAB15846551571EE158687E42150AB74C85FBE2C1AF80B,667948,0,OK,2023-03-16,20230316001000,0.0,FINAL,MATCH,False
005290,동진쎄미켐,2023,사업보고서 (2023.12),20240314001382,20240314,https://dart.fss.or.kr/dsaf001/main.do?rcpNo=20240314001382,3919F5B3AEAB2E053FB4647F4CE78AD3F26022CA7B656EE0403F88426178567B,681268,0,OK,2024-03-14,20240314001382,0.0,FINAL,MATCH,False
005290,동진쎄미켐,2024,사업보고서 (2024.12),20250319000732,20250319,https://dart.fss.or.kr/dsaf001/main.do?rcpNo=20250319000732,BA5156F7B736F569665260A49B6C46D5F4F4F0BE7C9A7666508C1A007F223247,727854,0,OK,2025-03-19,20250319000732,0.0,FINAL,MATCH,False
005290,동진쎄미켐,2025,사업보고서 (2025.12),20260319000264,20260319,https://dart.fss.or.kr/dsaf001/main.do?rcpNo=20260319000264,D67026CC3115AF7AAE918B673BC22066B6E5FD7371E4D1458A9582EAA6B789FC,780128,0,OK,2026-03-19,20260319000264,0.0,FINAL,MATCH,False
005930,삼성전자,2019,사업보고서 (2019.12),20200330003851,20200330,https://dart.fss.or.kr/dsaf001/main.do?rcpNo=20200330003851,6DBCF2515489E2B1B5F07ED51957B4CCF1E646436C2F49874279C7FF6228C527,1200430,8,OK,2020-03-30,20200330003851,0.01,FINAL,MATCH,False
005930,삼성전자,2020,사업보고서 (2020.12),20210309000744,20210309,https://dart.fss.or.kr/dsaf001/main.do?rcpNo=20210309000744,A8727FAC69E8F1DCACBFB7B8557153223284CD2595C6418FF352766245430ECF,1203969,8,OK,2021-03-09,20210309000744,0.01,FINAL,MATCH,False
005930,삼성전자,2021,사업보고서 (2021.12),20220308000798,20220308,https://dart.fss.or.kr/dsaf001/main.do?rcpNo=20220308000798,8007E356088406B1872731D7B28BC1E491085CF1F5A7397CA2A57D04A75074B0,1261358,18,OK,2022-03-08,20220308000798,0.02,FINAL,MATCH,False
005930,삼성전자,2022,사업보고서 (2022.12),20230307000542,20230307,https://dart.fss.or.kr/dsaf001/main.do?rcpNo=20230307000542,7C84872E697C5F11EC5B5C478C15FFD71AC10C36893BE73E3FB87AA267EB85B0,1251833,21,OK,2023-03-07,20230307000542,0.03,FINAL,MATCH,False
005930,삼성전자,2023,사업보고서 (2023.12),20240312000736,20240312,https://dart.fss.or.kr/dsaf001/main.do?rcpNo=20240312000736,E713662DAA5335E54F8B9E617C94906F3DEB6819F5603A8681A9236363AAA665,1239941,35,OK,2024-03-12,20240312000736,0.05,FINAL,MATCH,False
005930,삼성전자,2024,사업보고서 (2024.12),20250311001085,20250311,https://dart.fss.or.kr/dsaf001/main.do?rcpNo=20250311001085,928D7DFC5CCDD232E5DAFADCD3B0FA19C5B0A94923DDF5C8365D774993E93AFC,1315999,22,OK,2025-03-11,20250311001085,0.08,FINAL,MATCH,False
005930,삼성전자,2025,사업보고서 (2025.12),20260310002820,20260310,https://dart.fss.or.kr/dsaf001/main.do?rcpNo=20260310002820,34FB77F7949CA3A654CA531ECD6825294A3832CC5F0E7B4459CF8461F65CC07A,1411509,18,OK,2026-03-10,20260310002820,0.1,FINAL,MATCH,False
007660,이수페타시스,2019,사업보고서 (2019.12),20200515001654,20200515,https://dart.fss.or.kr/dsaf001/main.do?rcpNo=20200515001654,0ACEE7DB97D544E63D0DD139ECC9F59332E1A67D0EDD01D761AAE4D729E56EB8,526544,0,OK,2020-05-15,20200515001654,0.0,FINAL,MATCH,False
007660,이수페타시스,2020,사업보고서 (2020.12),20210323001115,20210323,https://dart.fss.or.kr/dsaf001/main.do?rcpNo=20210323001115,F9B431587A94E01A4AE49CADD1D760B12564E49322477A1FB6FC79BFFD6C077F,531178,0,OK,2021-03-23,20210323001115,0.0,FINAL,MATCH,False
007660,이수페타시스,2021,사업보고서 (2021.12),20220323001140,20220323,https://dart.fss.or.kr/dsaf001/main.do?rcpNo=20220323001140,160E233B5604FE499793A69C31D4CFE19EBAF4CA9E6BB5DFDFE43B5057D6770C,581585,0,OK,2022-03-23,20220323001140,0.0,FINAL,MATCH,False
007660,이수페타시스,2022,사업보고서 (2022.12),20230323001183,20230323,https://dart.fss.or.kr/dsaf001/main.do?rcpNo=20230323001183,CDD6BF3F039E5CDCBC5AC26D77B40B58A5C2A6D8D158A5EE4B88D89B590F9B28,562061,0,OK,2023-03-23,20230323001183,0.0,FINAL,MATCH,False
007660,이수페타시스,2023,사업보고서 (2023.12),20240321001149,20240321,https://dart.fss.or.kr/dsaf001/main.do?rcpNo=20240321001149,1C98AC0FDBA651C5AD9C2A6187351EAD2B2F3D58213526B39A0F2C76D9565C35,557367,0,OK,2024-03-21,20240321001149,0.0,FINAL,MATCH,False
007660,이수페타시스,2024,사업보고서 (2024.12),20250320001435,20250320,https://dart.fss.or.kr/dsaf001/main.do?rcpNo=20250320001435,12295048876CDFC47D7D9D33B7328CC92148663692F5DCDCAD9927F98E88DE54,585770,2,OK,2025-03-20,20250320001435,0.02,FINAL,MATCH,False
007660,이수페타시스,2025,사업보고서 (2025.12),20260323000847,20260323,https://dart.fss.or.kr/dsaf001/main.do?rcpNo=20260323000847,36EF0871620753F5ACFEF70746BB8EBAB08AED46DEED1924C63CC24E5E6B2CC0,659013,2,OK,2026-03-23,20260323000847,0.02,FINAL,MATCH,False
014680,한솔케미칼,2019,사업보고서 (2019.12),20200325001299,20200325,https://dart.fss.or.kr/dsaf001/main.do?rcpNo=20200325001299,0ADE35F981D379140D6FBFB28EC8415A70B9B73F9FD6B3E37F22BD4E813C5AC4,506057,0,OK,2020-03-25,20200325001299,0.0,FINAL,MATCH,False
014680,한솔케미칼,2020,사업보고서 (2020.12),20210316001222,20210317,https://dart.fss.or.kr/dsaf001/main.do?rcpNo=20210316001222,02271AEBC11234B43EEE1FBC8164ADD01699D42967D44A7DC13FC3CBE92A0449,506930,0,OK,2021-03-16,20210316001222,0.0,FINAL,MATCH_RCPNO_DATE,False
014680,한솔케미칼,2021,사업보고서 (2021.12),20220315000012,20220315,https://dart.fss.or.kr/dsaf001/main.do?rcpNo=20220315000012,3DD58FA189A80A53E1E2F789D85D0280F3E9CF82677E4214DFA0FA0122221802,485659,0,OK,2022-03-15,20220315000012,0.0,FINAL,MATCH,False
014680,한솔케미칼,2022,사업보고서 (2022.12),20230313000732,20230313,https://dart.fss.or.kr/dsaf001/main.do?rcpNo=20230313000732,769CD5B9CDB764B2EF3450A177FAA58CE97BFF2967404F2CD8A41D9DB46710B4,477090,0,OK,2023-03-13,20230313000732,0.0,FINAL,MATCH,False
014680,한솔케미칼,2023,사업보고서 (2023.12),20240312000921,20240312,https://dart.fss.or.kr/dsaf001/main.do?rcpNo=20240312000921,23C0231569B70A039DBC4A06ACA49460F1BA2DB47A67B7D9EDD32F8431DE017D,514180,0,OK,2024-03-12,20240312000921,0.0,FINAL,MATCH,False
014680,한솔케미칼,2024,사업보고서 (2024.12),20250310000865,20250310,https://dart.fss.or.kr/dsaf001/main.do?rcpNo=20250310000865,0514F3E11AD460082F726304420E9B432518D559E964DA4FB7B9561F71E2A9FC,597969,0,OK,2025-03-10,20250310000865,0.0,FINAL,MATCH,False
014680,한솔케미칼,2025,사업보고서 (2025.12),20260318001424,20260318,https://dart.fss.or.kr/dsaf001/main.do?rcpNo=20260318001424,31F4EE3329856AC9CFB04444752E6FA5034C45D23185CA527B26489C103BF24D,603513,0,OK,2026-03-18,20260318001424,0.0,FINAL,MATCH,False
033160,엠케이전자,2019,사업보고서 (2019.12),20200330003137,20200330,https://dart.fss.or.kr/dsaf001/main.do?rcpNo=20200330003137,FB7A2947E79580AA89E5FFB39658EF1A43C2EC641C14D4B5222A223E73F122B9,642241,0,OK,2020-03-30,20200330003137,0.0,FINAL,MATCH,False
033160,엠케이전자,2020,사업보고서 (2020.12),20210323000531,20210323,https://dart.fss.or.kr/dsaf001/main.do?rcpNo=20210323000531,23031C3490765337EC0224324FD115EF060457EB59E2D01D5C61D8C425B42051,654607,0,OK,2021-03-23,20210323000531,0.0,FINAL,MATCH,False
033160,엠케이전자,2021,사업보고서 (2021.12),20220323001073,20220323,https://dart.fss.or.kr/dsaf001/main.do?rcpNo=20220323001073,540A16025B84A83037052A8038152BD557768B7398A11F66FDAE9A5E6D144F79,654313,0,OK,2022-03-23,20220323001073,0.0,FINAL,MATCH,False
033160,엠케이전자,2022,사업보고서 (2022.12),20230323001008,20230323,https://dart.fss.or.kr/dsaf001/main.do?rcpNo=20230323001008,EEE9F521D7B4DD86182B61DBF9798011AC550971C9B183F6224AB7E8893C855A,676493,0,OK,2023-03-23,20230323001008,0.0,FINAL,MATCH,False
033160,엠케이전자,2023,사업보고서 (2023.12),20240321001765,20240321,https://dart.fss.or.kr/dsaf001/main.do?rcpNo=20240321001765,0B4F3398E84DCAA2B00BFC4343FC2E5D3350DCA125B2EA2C8F63CC7B98A0550B,716118,0,OK,2024-03-21,20240321001765,0.0,FINAL,MATCH,False
033160,엠케이전자,2024,사업보고서 (2024.12),20250321001427,20250321,https://dart.fss.or.kr/dsaf001/main.do?rcpNo=20250321001427,D398B65A3B98B21537F8410F531366F6CCBB90B501224A5E9AED01257C0E3B4F,737284,0,OK,2025-03-21,20250321001427,0.0,FINAL,MATCH,False
033160,엠케이전자,2025,사업보고서 (2025.12),20260323001379,20260323,https://dart.fss.or.kr/dsaf001/main.do?rcpNo=20260323001379,966595F5E310C1D5D9C06D3482A6F714DCB2F9808F4D62F790AC6EDE8A91E26B,881703,8,OK,2026-03-23,20260323001379,0.0,FINAL,MATCH,False
036540,SFA반도체,2019,사업보고서 (2019.12),20200330002872,20200330,https://dart.fss.or.kr/dsaf001/main.do?rcpNo=20200330002872,F825925DDD6D4B06EB8DFEED31029ADAF6DB3C3CCA57FB6446BAF5186E67ADDA,438624,0,OK,2020-03-30,20200330002872,0.0,FINAL,MATCH,False
036540,SFA반도체,2020,사업보고서 (2020.12),20210319000787,20210319,https://dart.fss.or.kr/dsaf001/main.do?rcpNo=20210319000787,4902837C4787056AC029D436B18B6EDFCA79369C334A52375D298459018AD74C,414135,0,OK,2021-03-19,20210319000787,0.0,FINAL,MATCH,False
036540,SFA반도체,2021,사업보고서 (2021.12),20220318000698,20220318,https://dart.fss.or.kr/dsaf001/main.do?rcpNo=20220318000698,AC2456AFAA803E028A17387E36B181D9EE8CD9DDB7D4A1C75E150F4076B24ADB,387479,0,OK,2022-03-18,20220318000698,0.0,FINAL,MATCH,False
036540,SFA반도체,2022,사업보고서 (2022.12),20230320000643,20230320,https://dart.fss.or.kr/dsaf001/main.do?rcpNo=20230320000643,E8C0C26E8DACADADCA101AF23DAA9454197E5BA6C4F8F0B39772724B83800C19,401040,0,OK,2023-03-20,20230320000643,0.0,FINAL,MATCH,False
036540,SFA반도체,2023,사업보고서 (2023.12),20240320000826,20240320,https://dart.fss.or.kr/dsaf001/main.do?rcpNo=20240320000826,EB6A9972775201892BA02F728C37865B32F282DCCD4A467C3C81AC1174EADDC7,395141,0,OK,2024-03-20,20240320000826,0.0,FINAL,MATCH,False
036540,SFA반도체,2024,사업보고서 (2024.12),20250321000463,20250321,https://dart.fss.or.kr/dsaf001/main.do?rcpNo=20250321000463,2951525F9B563818AD4D66CC204AAC105CFD7AF5809F98CAB9DA78040D9651C5,408981,0,OK,2025-03-21,20250321000463,0.0,FINAL,MATCH,False
036540,SFA반도체,2025,사업보고서 (2025.12),20260323000826,20260323,https://dart.fss.or.kr/dsaf001/main.do?rcpNo=20260323000826,5F88C2659D886E792A42C7EDA68DE427E4D316C2FB8010BFD39256DC09D7CB86,449337,0,OK,2026-03-23,20260323000826,0.0,FINAL,MATCH,False
036930,주성엔지니어링,2019,사업보고서 (2019.12),20200330003817,20200330,https://dart.fss.or.kr/dsaf001/main.do?rcpNo=20200330003817,7815076F5D800FABEBF251316BBD7A4820ED68045E2DB03FFC20C78F70CBC99E,535796,0,OK,2020-03-30,20200330003817,0.0,FINAL,MATCH,False
036930,주성엔지니어링,2020,사업보고서 (2020.12),20210317001221,20210317,https://dart.fss.or.kr/dsaf001/main.do?rcpNo=20210317001221,7B08E7E87B06FBB6B10298B287106BB7A6D6DA5E21FED9218F601E06A1629049,561085,0,OK,2021-03-17,20210317001221,0.0,FINAL,MATCH,False
036930,주성엔지니어링,2021,사업보고서 (2021.12),20220321001122,20220321,https://dart.fss.or.kr/dsaf001/main.do?rcpNo=20220321001122,836A9F820537EA0C85E4144019475F382711D4B5DC436913A6E23773799D7CBA,595868,0,OK,2022-03-21,20220321001122,0.0,FINAL,MATCH,False
036930,주성엔지니어링,2022,사업보고서 (2022.12),20230321001180,20230321,https://dart.fss.or.kr/dsaf001/main.do?rcpNo=20230321001180,0AC7C48EDE8417ECDC079633A406A11D2703EDA5F65468CA058A4B910D8FC5C2,568115,0,OK,2023-03-21,20230321001180,0.0,FINAL,MATCH,False
036930,주성엔지니어링,2023,사업보고서 (2023.12),20240318000865,20240318,https://dart.fss.or.kr/dsaf001/main.do?rcpNo=20240318000865,0E955F62FAA18AF69DA7CEC2A7808065D9892C69E9E41BD17843AA999D55E1B0,555218,0,OK,2024-03-18,20240318000865,0.0,FINAL,MATCH,False
036930,주성엔지니어링,2024,사업보고서 (2024.12),20250317000470,20250317,https://dart.fss.or.kr/dsaf001/main.do?rcpNo=20250317000470,DF627C2F4B61D6A8FDAC7309B327AD6C300848B94598C02D237AABECBFE75D2A,629667,2,OK,2025-03-17,20250317000470,0.03,FINAL,MATCH,False
036930,주성엔지니어링,2025,사업보고서 (2025.12),20260318000323,20260318,https://dart.fss.or.kr/dsaf001/main.do?rcpNo=20260318000323,98544B75D2A68C8048BE7F4AC96721FE7863190AB0AFF484F5F459AD0FA43355,641573,2,OK,2026-03-18,20260318000323,0.03,FINAL,MATCH,False
039030,이오테크닉스,2019,사업보고서 (2019.12),20200330003030,20200330,https://dart.fss.or.kr/dsaf001/main.do?rcpNo=20200330003030,33131F97B5B5718F1CE597621DF21D7553D126204F871E938661F66DCE0826DA,362669,0,OK,2020-03-30,20200330003030,0.0,FINAL,MATCH,False
039030,이오테크닉스,2020,사업보고서 (2020.12),20210318001314,20210318,https://dart.fss.or.kr/dsaf001/main.do?rcpNo=20210318001314,2B90D8C5CE2923612994C6C1D6EE8C41A4C1492B3EAE5A9C1ADAEAB956A9CAA5,356305,0,OK,2021-03-18,20210318001314,0.0,FINAL,MATCH,False
039030,이오테크닉스,2021,사업보고서 (2021.12),20220321001425,20220321,https://dart.fss.or.kr/dsaf001/main.do?rcpNo=20220321001425,A8C83C13BD224CC3936D94548A66C7BF2377BBC35CDCF69D21DEC5A7D271C5CA,374289,0,OK,2022-03-21,20220321001425,0.0,FINAL,MATCH,False
039030,이오테크닉스,2022,사업보고서 (2022.12),20230321001354,20230321,https://dart.fss.or.kr/dsaf001/main.do?rcpNo=20230321001354,23C0641B84429114F642E7F0CCC1B228BB7BDEF37A0E848D7B2BD7F748DF2BE0,363738,0,OK,2023-03-21,20230321001354,0.0,FINAL,MATCH,False
039030,이오테크닉스,2023,사업보고서 (2023.12),20240320001082,20240320,https://dart.fss.or.kr/dsaf001/main.do?rcpNo=20240320001082,5599098073D556DABE21C940250C1C14EEDFA9F7F2E018A4A977213259405B59,361300,0,OK,2024-03-20,20240320001082,0.0,FINAL,MATCH,False
039030,이오테크닉스,2024,사업보고서 (2024.12),20250320001508,20250320,https://dart.fss.or.kr/dsaf001/main.do?rcpNo=20250320001508,61793D689940368BCFF1356BC09EA10A4170A95A500D5664A23D3EE267FB3198,436338,0,OK,2025-03-20,20250320001508,0.0,FINAL,MATCH,False
039030,이오테크닉스,2025,사업보고서 (2025.12),20260323001573,20260323,https://dart.fss.or.kr/dsaf001/main.do?rcpNo=20260323001573,DCF776498BBB7E9B73E3824FB7FD114A9F7F681D25012138EA76248AE624B8EA,475200,0,OK,2026-03-23,20260323001573,0.0,FINAL,MATCH,False
042700,한미반도체,2019,사업보고서 (2019.12),20200327001498,20200327,https://dart.fss.or.kr/dsaf001/main.do?rcpNo=20200327001498,FD3C1816B450EC94F67E9592FF5ACC0D845B8E3BD5E80840704A59186216D7E7,384957,3,OK,2020-03-27,20200327001498,0.1,FINAL,MATCH,False
042700,한미반도체,2020,사업보고서 (2020.12),20210311000922,20210311,https://dart.fss.or.kr/dsaf001/main.do?rcpNo=20210311000922,D9862F1C083B5B5F060422B5A5E09208C69682DF7CF0EF437432BA585D296C3B,383161,2,OK,2021-03-11,20210311000922,0.1,FINAL,MATCH,False
042700,한미반도체,2021,사업보고서 (2021.12),20220310001098,20220310,https://dart.fss.or.kr/dsaf001/main.do?rcpNo=20220310001098,9EC49277901213CDB0B87C009E7A36C01B60A6CD3AADBB1D65E76E7CE2B5DB2C,405148,5,OK,2022-03-10,20220310001098,0.15,FINAL,MATCH,False
042700,한미반도체,2022,사업보고서 (2022.12),20230316001554,20230316,https://dart.fss.or.kr/dsaf001/main.do?rcpNo=20230316001554,B4820280910A87F611D3F69E250774FDFD6A07FA29B70F149791B96F7C347AC0,414131,15,OK,2023-03-16,20230316001554,0.25,FINAL,MATCH,False
042700,한미반도체,2023,사업보고서 (2023.12),20240314001257,20240314,https://dart.fss.or.kr/dsaf001/main.do?rcpNo=20240314001257,04009979ED7BFCA2DCC005D5D6FC39076A6331DE443036AFBA9F21075EC748A1,436165,20,OK,2024-03-14,20240314001257,0.35,FINAL,MATCH,False
042700,한미반도체,2024,사업보고서 (2024.12),20250313001171,20250313,https://dart.fss.or.kr/dsaf001/main.do?rcpNo=20250313001171,EF71470A6A036CCD7BCAE44C4A018F9CA47E46B711EB21E9D25D7FE8CD10C0BE,526747,45,OK,2025-03-13,20250313001171,0.55,FINAL,MATCH,False
042700,한미반도체,2025,사업보고서 (2025.12),20260312001230,20260312,https://dart.fss.or.kr/dsaf001/main.do?rcpNo=20260312001230,69EA17196490F629DE1628DAF28D2B7F7604D20A4D0D2488BCC23A212CC33801,469263,63,OK,2026-03-12,20260312001230,0.6,FINAL,MATCH,False
061970,LB세미콘,2019,사업보고서 (2019.12),20200330000279,20200330,https://dart.fss.or.kr/dsaf001/main.do?rcpNo=20200330000279,F9A90D27502D3223F3BF213ECB053980EF275D8BE44F9C0AC7203F2EAACA25F1,442332,0,OK,2020-03-30,20200330000279,0.0,FINAL,MATCH,False
061970,LB세미콘,2020,사업보고서 (2020.12),20210318000300,20210318,https://dart.fss.or.kr/dsaf001/main.do?rcpNo=20210318000300,A87967A233FEF97B2AD914A082EC9EA12EBCE2EC6EAD901479BD192AAF3EC2D6,434542,0,OK,2021-03-18,20210318000300,0.0,FINAL,MATCH,False
061970,LB세미콘,2021,사업보고서 (2021.12),20220318000595,20220318,https://dart.fss.or.kr/dsaf001/main.do?rcpNo=20220318000595,158AADF16EF1505D83C1D32A408FCDC2AB1005B6A6264DBBC1F1ADC3E1D943E9,439265,0,OK,2022-03-18,20220318000595,0.0,FINAL,MATCH,False
061970,LB세미콘,2022,사업보고서 (2022.12),20230317000109,20230317,https://dart.fss.or.kr/dsaf001/main.do?rcpNo=20230317000109,E8A66645E1D20EB46DE16EC38A014CE6049B1C1E89ADC21135AB1F1C37597DED,433986,0,OK,2023-03-17,20230317000109,0.0,FINAL,MATCH,False
061970,LB세미콘,2023,사업보고서 (2023.12),20240319000011,20240319,https://dart.fss.or.kr/dsaf001/main.do?rcpNo=20240319000011,3936C14FC21105CA38D94AB9548C9781A9A28EC5B1DD1BF5FD14585EE4CD4872,436669,0,OK,2024-03-19,20240319000011,0.0,FINAL,MATCH,False
061970,LB세미콘,2024,사업보고서 (2024.12),20250320000568,20250320,https://dart.fss.or.kr/dsaf001/main.do?rcpNo=20250320000568,06A4E7F3D54357823907ECF4CDBED61B8DD53E7F8A11EE707CB73820C4A2DEE1,495909,12,OK,2025-03-20,20250320000568,0.01,FINAL,MATCH,False
061970,LB세미콘,2025,사업보고서 (2025.12),20260320000806,20260320,https://dart.fss.or.kr/dsaf001/main.do?rcpNo=20260320000806,68744D524A37BAE0EA5F1F727BEC5DD9C7A223924E143DBD7A469A051EA8D1F2,561308,15,OK,2026-03-20,20260320000806,0.02,FINAL,MATCH,False
064290,인텍플러스,2019,사업보고서 (2019.12),20200330001988,20200330,https://dart.fss.or.kr/dsaf001/main.do?rcpNo=20200330001988,CD7DA1803B40C29DB2694111A2FB780FCC849F1B58EA49491266223771A1B8CB,444092,0,OK,2020-03-30,20200330001988,0.0,FINAL,MATCH,False
064290,인텍플러스,2020,사업보고서 (2020.12),20210317000288,20210317,https://dart.fss.or.kr/dsaf001/main.do?rcpNo=20210317000288,25DB0FF5E8491916D6628C4D44F8B90E134ED297F92D70898D643564C314292D,474180,0,OK,2021-03-17,20210317000288,0.0,FINAL,MATCH,False
064290,인텍플러스,2021,사업보고서 (2021.12),20220321001214,20220321,https://dart.fss.or.kr/dsaf001/main.do?rcpNo=20220321001214,9D56017CF81F45C4B518AB0C91B9D034EEE32140CF36551BA149F3806083E888,490151,0,OK,2022-03-21,20220321001214,0.0,FINAL,MATCH,False
064290,인텍플러스,2022,사업보고서 (2022.12),20230320000930,20230320,https://dart.fss.or.kr/dsaf001/main.do?rcpNo=20230320000930,E8666ED6DCBF327A5C8EA78D0A74E1B96EE404EFF0441DD39B1671158B542FF6,491547,0,OK,2023-03-20,20230320000930,0.0,FINAL,MATCH,False
064290,인텍플러스,2023,사업보고서 (2023.12),20240320001790,20240320,https://dart.fss.or.kr/dsaf001/main.do?rcpNo=20240320001790,C0A56F7AB9045918A81125A0B9966869EAEBF88816A72E36187AEB7D1B05BD5A,494029,0,OK,2024-03-20,20240320001790,0.0,FINAL,MATCH,False
064290,인텍플러스,2024,사업보고서 (2024.12),20250318000533,20250318,https://dart.fss.or.kr/dsaf001/main.do?rcpNo=20250318000533,3DC28F2047AB8A8CEC503F4883C8B0D0E2B9C7F2FAA3AF213DC9EB0AC3A69F9A,505114,0,OK,2025-03-18,20250318000533,0.0,FINAL,MATCH,False
064290,인텍플러스,2025,사업보고서 (2025.12),20260318001550,20260318,https://dart.fss.or.kr/dsaf001/main.do?rcpNo=20260318001550,83C7E769312E8EFD58B2468163280E752100039AB3C2E90DF69153D153E465E6,517546,0,OK,2026-03-18,20260318001550,0.0,FINAL,MATCH,False
067310,하나마이크론,2019,사업보고서 (2019.12),20200330003994,20200330,https://dart.fss.or.kr/dsaf001/main.do?rcpNo=20200330003994,D0F6C7FB0EBB0FC5C865C2F3F603BA7D36908411F1CC153DA71C7701CF45B50C,624744,0,OK,2020-03-30,20200330003994,0.0,FINAL,MATCH,False
067310,하나마이크론,2020,사업보고서 (2020.12),20210322001096,20210322,https://dart.fss.or.kr/dsaf001/main.do?rcpNo=20210322001096,2701AF7C9665B004048D1B8F1AA1BD527CBB1EDB7EB54DB4E3DE30F86CD46503,651763,0,OK,2021-03-22,20210322001096,0.0,FINAL,MATCH,False
067310,하나마이크론,2021,사업보고서 (2021.12),20220322001105,20220322,https://dart.fss.or.kr/dsaf001/main.do?rcpNo=20220322001105,5E20074490E3B101BABFD4361B3CDCCD1700D7A1781E5404EC468FA39EE9C9F6,669977,0,OK,2022-03-22,20220322001105,0.0,FINAL,MATCH,False
067310,하나마이크론,2022,사업보고서 (2022.12),20230327000992,20230328,https://dart.fss.or.kr/dsaf001/main.do?rcpNo=20230327000992,0BF9FB99A87B77E741007533D7CF3FC05252686E1ABADE8B3D0C5E3E82004A19,615709,0,OK,2023-03-27,20230327000992,0.0,FINAL,MATCH_RCPNO_DATE,False
067310,하나마이크론,2023,사업보고서 (2023.12),20240320001644,20240320,https://dart.fss.or.kr/dsaf001/main.do?rcpNo=20240320001644,8E42A503E5D7B4B0C0509A711146C3DE40637AF8AD5D5ED07BA2B44917747C09,613650,0,OK,2024-03-20,20240320001644,0.0,FINAL,MATCH,False
067310,하나마이크론,2024,사업보고서 (2024.12),20250320001741,20250320,https://dart.fss.or.kr/dsaf001/main.do?rcpNo=20250320001741,A8EE00A9073F9C631F5DBD42F7F2291C7E5A5357989583F6615F5E0988EC92CE,813800,0,OK,2025-03-20,20250320001741,0.0,FINAL,MATCH,False
067310,하나마이크론,2025,사업보고서 (2025.12),20260319000032,20260319,https://dart.fss.or.kr/dsaf001/main.do?rcpNo=20260319000032,9E561C910BD473FCA2FE2BA2E3E75DA8CE740CC95F43FE84268D5D04AFB5FAFB,802490,1,OK,2026-03-19,20260319000032,0.03,FINAL,MATCH,False
086390,유니테스트,2019,사업보고서 (2019.12),20200330002110,20200330,https://dart.fss.or.kr/dsaf001/main.do?rcpNo=20200330002110,CDCBDBD525BB6B398B62FC6FA12D374D7385FF4DBCE6DDA506FEDD6D08B90B58,545276,0,OK,2020-03-30,20200330002110,0.0,FINAL,MATCH,False
086390,유니테스트,2020,사업보고서 (2020.12),20210319000798,20210319,https://dart.fss.or.kr/dsaf001/main.do?rcpNo=20210319000798,D9E05C7567A7E37D68A13C841B048D6D677DC015E4FAADDD6F4B8BE6B277814A,535811,0,OK,2021-03-19,20210319000798,0.0,FINAL,MATCH,False
086390,유니테스트,2021,사업보고서 (2021.12),20220318000590,20220318,https://dart.fss.or.kr/dsaf001/main.do?rcpNo=20220318000590,8062665A7579091DBB62B0B2AC2C529732BF5AFA6A0929E0223BA6AF2F7C1103,541516,0,OK,2022-03-18,20220318000590,0.0,FINAL,MATCH,False
086390,유니테스트,2022,사업보고서 (2022.12),20230317000305,20230317,https://dart.fss.or.kr/dsaf001/main.do?rcpNo=20230317000305,4000CBFB3BF92991CA47D681974424A6D3EE190069E155C3DA33C76E2A7C2058,546820,0,OK,2023-03-17,20230317000305,0.0,FINAL,MATCH,False
086390,유니테스트,2023,사업보고서 (2023.12),20240315000507,20240315,https://dart.fss.or.kr/dsaf001/main.do?rcpNo=20240315000507,4501DD56E852B6BC6C3BC15168D04A99B17EF3E8A05D5F2AA432F506805D1BFA,521922,0,OK,2024-03-15,20240315000507,0.0,FINAL,MATCH,False
086390,유니테스트,2024,사업보고서 (2024.12),20250320001517,20250320,https://dart.fss.or.kr/dsaf001/main.do?rcpNo=20250320001517,DBA0EAD7131DD34C0A3126311A72692127DB846C53B52D7D10E6CC4896C1CBF1,498666,0,OK,2025-03-20,20250320001517,0.0,FINAL,MATCH,False
086390,유니테스트,2025,사업보고서 (2025.12),20260319001022,20260319,https://dart.fss.or.kr/dsaf001/main.do?rcpNo=20260319001022,9F571C3E17D8AF4753F0EF472EB357AEE3C5F0121C9372BE84D63F83F938ECE1,509630,0,OK,2026-03-19,20260319001022,0.0,FINAL,MATCH,False
089030,테크윙,2019,사업보고서 (2019.12),20200330004520,20200330,https://dart.fss.or.kr/dsaf001/main.do?rcpNo=20200330004520,F59FE9B2004AD118C38E6599048257E0E24B1D0E2E23B659F4742A06A5BB839A,424990,0,OK,2020-03-30,20200330004520,0.0,FINAL,MATCH,False
089030,테크윙,2020,사업보고서 (2020.12),20210319000891,20210319,https://dart.fss.or.kr/dsaf001/main.do?rcpNo=20210319000891,43F17E0CBD98A454524CB986526B8E52552771784527B22CC539719E2D12F679,420838,0,OK,2021-03-19,20210319000891,0.0,FINAL,MATCH,False
089030,테크윙,2021,사업보고서 (2021.12),20220318000951,20220318,https://dart.fss.or.kr/dsaf001/main.do?rcpNo=20220318000951,302D7FC5A26077767A8751F0125DEA523306C2640A91C73DED03C5A4CEE7D115,435458,0,OK,2022-03-18,20220318000951,0.0,FINAL,MATCH,False
089030,테크윙,2022,사업보고서 (2022.12),20230320000810,20230320,https://dart.fss.or.kr/dsaf001/main.do?rcpNo=20230320000810,74C2EE324A332D6CFE4F561FFE957DA5C9FCF4D96345969128F4283AB307B632,424509,0,OK,2023-03-20,20230320000810,0.0,FINAL,MATCH,False
089030,테크윙,2023,사업보고서 (2023.12),20240318000386,20240318,https://dart.fss.or.kr/dsaf001/main.do?rcpNo=20240318000386,FBD8623B3EE0BB1E115DE60442C8291B1148750107C26AEC948E0E25AAE824A7,424278,8,OK,2024-03-18,20240318000386,0.1,FINAL,MATCH,False
089030,테크윙,2024,사업보고서 (2024.12),20250317000416,20250317,https://dart.fss.or.kr/dsaf001/main.do?rcpNo=20250317000416,F160DFE995444D36DEFF802F5D01658CB9B4F693F354535E8EEA6D5CF1627E22,429405,8,OK,2025-03-17,20250317000416,0.2,FINAL,MATCH,False
089030,테크윙,2025,사업보고서 (2025.12),20260316000733,20260316,https://dart.fss.or.kr/dsaf001/main.do?rcpNo=20260316000733,0B00C83AA560BF9280A93BC57938C81391F08B5CB50D2CDDEC39FBB7E077EDE3,536050,8,OK,2026-03-16,20260316000733,0.3,FINAL,MATCH,False
095340,ISC,2019,사업보고서 (2019.12),20200327001460,20200327,https://dart.fss.or.kr/dsaf001/main.do?rcpNo=20200327001460,9528DDE3E07284DDB3BD9ACCE0863F24D435FF487BBD0C509139300D3622043C,406172,0,OK,2020-03-27,20200327001460,0.0,FINAL,MATCH,False
095340,ISC,2020,사업보고서 (2020.12),20210318001205,20210318,https://dart.fss.or.kr/dsaf001/main.do?rcpNo=20210318001205,1D70196B85A67A52D41C23B0A5406A3D1A9DDE3BE01A1B890981CE0132229AA2,436460,0,OK,2021-03-18,20210318001205,0.0,FINAL,MATCH,False
095340,ISC,2021,사업보고서 (2021.12),20220323001372,20220323,https://dart.fss.or.kr/dsaf001/main.do?rcpNo=20220323001372,F4E6C529571DEBE69F64030A60CD656FEB824E78FC0B5BF600538A7116C4A8E1,467882,0,OK,2022-03-23,20220323001372,0.0,FINAL,MATCH,False
095340,ISC,2022,사업보고서 (2022.12),20230323001540,20230323,https://dart.fss.or.kr/dsaf001/main.do?rcpNo=20230323001540,810E47AF5A9598478268E1BC5C0FDC64B20D5BE890C0720502DC99F64B473478,465719,0,OK,2023-03-23,20230323001540,0.0,FINAL,MATCH,False
095340,ISC,2023,사업보고서 (2023.12),20240320001457,20240320,https://dart.fss.or.kr/dsaf001/main.do?rcpNo=20240320001457,D49CF7B8007466886F0BE5136253309C6779795A91B463F41501ED4EE1C7C831,465145,1,OK,2024-03-20,20240320001457,0.0,FINAL,MATCH,False
095340,ISC,2024,사업보고서 (2024.12),20250317000044,20250317,https://dart.fss.or.kr/dsaf001/main.do?rcpNo=20250317000044,D261E3EB5216BE8021025E3D63522926AF3BCA148BE5D12F1F5EEB3619531311,630345,3,OK,2025-03-17,20250317000044,0.05,FINAL,MATCH,False
095340,ISC,2025,사업보고서 (2025.12),20260318000018,20260318,https://dart.fss.or.kr/dsaf001/main.do?rcpNo=20260318000018,B62EB67C6EF36363CBAC86CEBA481172B88E66BCEAA3F1F75A5C86A5635416BB,691066,13,OK,2026-03-18,20260318000018,0.15,FINAL,MATCH,False
102710,이엔에프테크놀로지,2019,사업보고서 (2019.12),20200330001383,20200330,https://dart.fss.or.kr/dsaf001/main.do?rcpNo=20200330001383,28664D475421D65C2346474E8F75477F44511F1397D4296AE99D72EB8D78A6A4,390978,0,OK,2020-03-30,20200330001383,0.0,FINAL,MATCH,False
102710,이엔에프테크놀로지,2020,사업보고서 (2020.12),20210322001056,20210322,https://dart.fss.or.kr/dsaf001/main.do?rcpNo=20210322001056,EFD9DE461518DD1876D8FADB00903EC2A797D2B1B6098736CED228F08CFE82BE,392970,0,OK,2021-03-22,20210322001056,0.0,FINAL,MATCH,False
102710,이엔에프테크놀로지,2021,사업보고서 (2021.12),20220321001292,20220321,https://dart.fss.or.kr/dsaf001/main.do?rcpNo=20220321001292,76E58A101BB372C974EA1FA145F246AD4AE15F5BEE9B6DDF9E1762E0523342AF,418390,0,OK,2022-03-21,20220321001292,0.0,FINAL,MATCH,False
102710,이엔에프테크놀로지,2022,사업보고서 (2022.12),20230321001496,20230321,https://dart.fss.or.kr/dsaf001/main.do?rcpNo=20230321001496,A9F427C1595E997F4EEE0F1155A9ABF48B6EF61AF2BC8447319FCC80CB470A78,420181,0,OK,2023-03-21,20230321001496,0.0,FINAL,MATCH,False
102710,이엔에프테크놀로지,2023,사업보고서 (2023.12),20240318000888,20240318,https://dart.fss.or.kr/dsaf001/main.do?rcpNo=20240318000888,5F589B43324F836D2458A98E02B383BE2883FB45A460BB6BC2E9E739BFD97511,424379,0,OK,2024-03-18,20240318000888,0.0,FINAL,MATCH,False
102710,이엔에프테크놀로지,2024,사업보고서 (2024.12),20250317000794,20250317,https://dart.fss.or.kr/dsaf001/main.do?rcpNo=20250317000794,F65798FAD7520BB4F8B547D8BC3B42A515D7BFBBE8E119C23EAF84058A4C04B7,428019,0,OK,2025-03-17,20250317000794,0.0,FINAL,MATCH,False
102710,이엔에프테크놀로지,2025,사업보고서 (2025.12),20260316000534,20260316,https://dart.fss.or.kr/dsaf001/main.do?rcpNo=20260316000534,FBB03655A858604FFA69E1549C5E31B01EB1D06D8460EBCFB4916BEFBB1D6F12,475242,1,OK,2026-03-16,20260316000534,0.03,FINAL,MATCH,False
104830,원익머트리얼즈,2019,사업보고서 (2019.12),20200330000914,20200330,https://dart.fss.or.kr/dsaf001/main.do?rcpNo=20200330000914,545F78FD2F6C028AA901C7D8100B93FD51D1BF763F3E7F9E1B0D80D867433187,470988,0,OK,2020-03-30,20200330000914,0.0,FINAL,MATCH,False
104830,원익머트리얼즈,2020,사업보고서 (2020.12),20210316000446,20210316,https://dart.fss.or.kr/dsaf001/main.do?rcpNo=20210316000446,395738B22F85A5520EA39586D2DF5B3856F21FBBD61322B74FD0C842A061CA3B,452986,0,OK,2021-03-16,20210316000446,0.0,FINAL,MATCH,False
104830,원익머트리얼즈,2021,사업보고서 (2021.12),20220321000613,20220321,https://dart.fss.or.kr/dsaf001/main.do?rcpNo=20220321000613,3E8CA0F3191E047324B2632D450ADD1871EDD5D73F79CCD7DA0C358C4B2340EC,455920,0,OK,2022-03-21,20220321000613,0.0,FINAL,MATCH,False
104830,원익머트리얼즈,2022,사업보고서 (2022.12),20230321001190,20230321,https://dart.fss.or.kr/dsaf001/main.do?rcpNo=20230321001190,E275EC331FE249E8C80FA972F764FE9A0CE767FB600944DC08ED392202324667,480406,0,OK,2023-03-21,20230321001190,0.0,FINAL,MATCH,False
104830,원익머트리얼즈,2023,사업보고서 (2023.12),20240320000451,20240320,https://dart.fss.or.kr/dsaf001/main.do?rcpNo=20240320000451,C2E5442C495044E975B1E3F66AB3884BA629C6154EB932175638A191D2373350,455399,0,OK,2024-03-20,20240320000451,0.0,FINAL,MATCH,False
104830,원익머트리얼즈,2024,사업보고서 (2024.12),20250318000996,20250318,https://dart.fss.or.kr/dsaf001/main.do?rcpNo=20250318000996,803483BD50D028455F5BE41D459BC29088A615395B1A4F6904EFBE7C15F7C882,468758,0,OK,2025-03-18,20250318000996,0.0,FINAL,MATCH,False
104830,원익머트리얼즈,2025,사업보고서 (2025.12),20260318000451,20260318,https://dart.fss.or.kr/dsaf001/main.do?rcpNo=20260318000451,5041C859E89052FEBE10103AA4852A86B37E4A2F26D0086F2E24ABC8940F185E,546289,2,OK,2026-03-18,20260318000451,0.02,FINAL,MATCH,False
112290,와이씨켐,2022,사업보고서 (2022.12),20230316000592,20230316,https://dart.fss.or.kr/dsaf001/main.do?rcpNo=20230316000592,C40C3F2BC3C2D57703B44C3BD3A3B219BED94AA28FCFD4686DEA11CB934FF067,348290,0,OK,2023-03-16,20230316000592,0.0,FINAL,MATCH,False
112290,와이씨켐,2023,사업보고서 (2023.12),20240321001671,20240321,https://dart.fss.or.kr/dsaf001/main.do?rcpNo=20240321001671,624D0DD0932526B6410530EEA5B07C464452324D1646D6388921FD0872264DEF,335792,3,OK,2024-03-21,20240321001671,0.05,FINAL,MATCH,False
112290,와이씨켐,2024,사업보고서 (2024.12),20250320001693,20250320,https://dart.fss.or.kr/dsaf001/main.do?rcpNo=20250320001693,7B5E87946F5CAF21BCCC3444563B4896216FCD4F1874EAAF1E38BD35E659B1DF,326592,2,OK,2025-03-20,20250320001693,0.08,FINAL,MATCH,False
112290,와이씨켐,2025,사업보고서 (2025.12),20260318000721,20260318,https://dart.fss.or.kr/dsaf001/main.do?rcpNo=20260318000721,596BB4ADC5D2AC6F1C6AE1426EE39333952CCDC22B6F08BDAF94457AA636B9E6,370335,3,OK,2026-03-18,20260318000721,0.1,FINAL,MATCH,False
131290,티에스이,2019,사업보고서 (2019.12),20200330004349,20200330,https://dart.fss.or.kr/dsaf001/main.do?rcpNo=20200330004349,1EE7247532E47470D5F0F7A0D9118B35FC00BB57939734D16C6839496B6BC01A,401935,0,OK,2020-03-30,20200330004349,0.0,FINAL,MATCH,False
131290,티에스이,2020,사업보고서 (2020.12),20210318000935,20210318,https://dart.fss.or.kr/dsaf001/main.do?rcpNo=20210318000935,CC484E286AB05EDCE7CDCA4061B4FFA1F6E110C718ACB070A8F07FCE14C8421A,450447,0,OK,2021-03-18,20210318000935,0.0,FINAL,MATCH,False
131290,티에스이,2021,사업보고서 (2021.12),20220317001095,20220317,https://dart.fss.or.kr/dsaf001/main.do?rcpNo=20220317001095,00BA1A1958D95F9237AA42E5DE8AC6189E2C7CB137DBF0F2B43BDA4D35A03994,504207,0,OK,2022-03-17,20220317001095,0.0,FINAL,MATCH,False
131290,티에스이,2022,사업보고서 (2022.12),20230316001324,20230316,https://dart.fss.or.kr/dsaf001/main.do?rcpNo=20230316001324,996BD66F6F93A42DCC80459B1F120E148745BFD7D76CD06BE8A40890D006FB1F,522054,0,OK,2023-03-16,20230316001324,0.0,FINAL,MATCH,False
131290,티에스이,2023,사업보고서 (2023.12),20240319000734,20240319,https://dart.fss.or.kr/dsaf001/main.do?rcpNo=20240319000734,D4DCEF26D4FA0633E2BBDE02DC30E41AB7252FF4A5603B52B0FA78884ECE6912,508433,1,OK,2024-03-19,20240319000734,0.03,FINAL,MATCH,False
131290,티에스이,2024,사업보고서 (2024.12),20250319000741,20250319,https://dart.fss.or.kr/dsaf001/main.do?rcpNo=20250319000741,762CAD0C746332D9B46F54EDEC2463C80DF3C9796DC9CBF7E5D99CACD4D9B10D,515404,1,OK,2025-03-19,20250319000741,0.05,FINAL,MATCH,False
131290,티에스이,2025,사업보고서 (2025.12),20260318000738,20260318,https://dart.fss.or.kr/dsaf001/main.do?rcpNo=20260318000738,F3EF4AAB24C0B509903AC96C62A3A1F48F77792A78A09B0E3DADBFA6430D7AA5,622424,1,OK,2026-03-18,20260318000738,0.05,FINAL,MATCH,False
166090,하나머티리얼즈,2019,사업보고서 (2019.12),20200330002561,20200330,https://dart.fss.or.kr/dsaf001/main.do?rcpNo=20200330002561,A7CEAA58464C4C2322DA9F62FF98F421EF218C690F7CC68A1A64E329A3CD5B3B,256994,0,OK,2020-03-30,20200330002561,0.0,FINAL,MATCH,False
166090,하나머티리얼즈,2020,사업보고서 (2020.12),20210312001146,20210312,https://dart.fss.or.kr/dsaf001/main.do?rcpNo=20210312001146,55D43AC2F5524C29D9CA389086A5C3664528711AF0F2D959505D2194A3D8CA2D,283718,0,OK,2021-03-12,20210312001146,0.0,FINAL,MATCH,False
166090,하나머티리얼즈,2021,사업보고서 (2021.12),20220311001059,20220311,https://dart.fss.or.kr/dsaf001/main.do?rcpNo=20220311001059,D0F3C7F796C4D4D32FBCB390D1A40703A1BA46EEDC87076B673235218B9DA1A2,266294,0,OK,2022-03-11,20220311001059,0.0,FINAL,MATCH,False
166090,하나머티리얼즈,2022,사업보고서 (2022.12),20230310001059,20230310,https://dart.fss.or.kr/dsaf001/main.do?rcpNo=20230310001059,BA538754379D2083AFFEEB5217D63EE5A089700329342940104BEB06595FDEC9,282408,0,OK,2023-03-10,20230310001059,0.0,FINAL,MATCH,False
166090,하나머티리얼즈,2023,사업보고서 (2023.12),20240315000450,20240315,https://dart.fss.or.kr/dsaf001/main.do?rcpNo=20240315000450,C62CA29FB13FDF76F49D4D507720ADEDEAEB3C313C3A033044EA385D40E74486,442991,0,OK,2024-03-15,20240315000450,0.0,FINAL,MATCH,False
166090,하나머티리얼즈,2024,사업보고서 (2024.12),20250314001222,20250314,https://dart.fss.or.kr/dsaf001/main.do?rcpNo=20250314001222,2B5F2900591852030153F3C2E2001B242BAA1133BDDC81362A250B779D27A35B,536045,0,OK,2025-03-14,20250314001222,0.0,FINAL,MATCH,False
166090,하나머티리얼즈,2025,사업보고서 (2025.12),20260313001351,20260313,https://dart.fss.or.kr/dsaf001/main.do?rcpNo=20260313001351,11C0C16C5940221AB0B3407099F8C309AD89A3B7B9D064F697A7F717AADD59AB,564093,0,OK,2026-03-13,20260313001351,0.0,FINAL,MATCH,False
195870,해성디에스,2019,사업보고서 (2019.12),20200330002338,20200330,https://dart.fss.or.kr/dsaf001/main.do?rcpNo=20200330002338,B8B353A34BCA337160B10980F3B7BC76C0FD4A71F35D0286790AE5CE701AA94E,511434,0,OK,2020-03-30,20200330002338,0.0,FINAL,MATCH,False
195870,해성디에스,2020,사업보고서 (2020.12),20210318000717,20210318,https://dart.fss.or.kr/dsaf001/main.do?rcpNo=20210318000717,39B0A5480F2223966FF1DEE805FF7D29829801322D969A1F824440808AEB55B4,485095,0,OK,2021-03-18,20210318000717,0.0,FINAL,MATCH,False
195870,해성디에스,2021,사업보고서 (2021.12),20220321000936,20220321,https://dart.fss.or.kr/dsaf001/main.do?rcpNo=20220321000936,475102B78F8BE5209195D5F9A90200269E4324F1E647E2DEC2C6EBA0D38498F0,466285,0,OK,2022-03-21,20220321000936,0.0,FINAL,MATCH,False
195870,해성디에스,2022,사업보고서 (2022.12),20230316000981,20230316,https://dart.fss.or.kr/dsaf001/main.do?rcpNo=20230316000981,991DED9B1F187A7C0C806EEB29B56937D80D0B57D4839A1D2D95CC21A97F5F7C,470446,0,OK,2023-03-16,20230316000981,0.0,FINAL,MATCH,False
195870,해성디에스,2023,사업보고서 (2023.12),20240314001380,20240314,https://dart.fss.or.kr/dsaf001/main.do?rcpNo=20240314001380,F96524629E466323E186F48BD5998037CF9890D5AC228275009706A827C360FE,401036,0,OK,2024-03-14,20240314001380,0.0,FINAL,MATCH,False
195870,해성디에스,2024,사업보고서 (2024.12),20250314001664,20250314,https://dart.fss.or.kr/dsaf001/main.do?rcpNo=20250314001664,D27620CCCDD0513231082315A01758770A7126E4E490B5B64251508241BA69D0,426255,0,OK,2025-03-14,20250314001664,0.0,FINAL,MATCH,False
195870,해성디에스,2025,사업보고서 (2025.12),20260318001527,20260318,https://dart.fss.or.kr/dsaf001/main.do?rcpNo=20260318001527,CC04284850D80B938FE31DA829B356C964AAAFF2E8513EF7C8A8D676ACF5B3DD,464137,0,OK,2026-03-18,20260318001527,0.0,FINAL,MATCH,False
222800,심텍,2019,사업보고서 (2019.12),20200330002427,20200330,https://dart.fss.or.kr/dsaf001/main.do?rcpNo=20200330002427,D78A1127BF3BC8050D587A632AE183191DF211E9431E3F98B891C2CB2D0A8597,539436,0,OK,2020-03-30,20200330002427,0.0,FINAL,MATCH,False
222800,심텍,2020,사업보고서 (2020.12),20210317001244,20210317,https://dart.fss.or.kr/dsaf001/main.do?rcpNo=20210317001244,A31A0BAC33A8B67736A5DC4AF22899D7F14C8B345FCFB6BE263D5897059B2761,577331,0,OK,2021-03-17,20210317001244,0.0,FINAL,MATCH,False
222800,심텍,2021,사업보고서 (2021.12),20220321001461,20220321,https://dart.fss.or.kr/dsaf001/main.do?rcpNo=20220321001461,801E2BDA1BC0B15E01A9FF81E5E2C30D2AF1EC46514CA3D5975CC51F6E122055,592132,0,OK,2022-03-21,20220321001461,0.0,FINAL,MATCH,False
222800,심텍,2022,사업보고서 (2022.12),20230322001163,20230322,https://dart.fss.or.kr/dsaf001/main.do?rcpNo=20230322001163,257F77C120E808C3CBF4CEEBFB2139D8F0A0FD38E0189156B1C858E1A99E106F,587506,0,OK,2023-03-22,20230322001163,0.0,FINAL,MATCH,False
222800,심텍,2023,사업보고서 (2023.12),20240321000928,20240321,https://dart.fss.or.kr/dsaf001/main.do?rcpNo=20240321000928,C793BA0EBDECEFA056264967F2560575C78868D07676BC4B93FD9BECE4DCCD3E,570465,0,OK,2024-03-21,20240321000928,0.0,FINAL,MATCH,False
222800,심텍,2024,사업보고서 (2024.12),20250318000476,20250318,https://dart.fss.or.kr/dsaf001/main.do?rcpNo=20250318000476,5E00D26B064D84D4F7EE49821A03A7DB59A3F714CE7F77B6DF8092403873B4EB,581647,0,OK,2025-03-18,20250318000476,0.0,FINAL,MATCH,False
222800,심텍,2025,사업보고서 (2025.12),20260317000641,20260317,https://dart.fss.or.kr/dsaf001/main.do?rcpNo=20260317000641,57D35D0C426D56665E6A776762ADAC2DEA16104A4AB68149FBE00F792BC5CA6B,613450,0,OK,2026-03-17,20260317000641,0.0,FINAL,MATCH,False
253590,네오셈,2019,사업보고서 (2019.12),20200327002120,20200327,https://dart.fss.or.kr/dsaf001/main.do?rcpNo=20200327002120,24BAEBC2CBEDA5AEC58ED2308DD6064262131587587B4C56383E1590D4EA5B7F,366937,0,OK,2020-03-27,20200327002120,0.0,FINAL,MATCH,False
253590,네오셈,2020,사업보고서 (2020.12),20210317000853,20210317,https://dart.fss.or.kr/dsaf001/main.do?rcpNo=20210317000853,8161B78A0251937C87DB77C04532744D3D965188D152AA625C01D627F7C87CD4,373881,0,OK,2021-03-17,20210317000853,0.0,FINAL,MATCH,False
253590,네오셈,2021,사업보고서 (2021.12),20220321000254,20220321,https://dart.fss.or.kr/dsaf001/main.do?rcpNo=20220321000254,D40B3AC1B091F4CAB72450CE06A4AF552CF885BB374B690BA20CD0668C76EF99,375310,0,OK,2022-03-21,20220321000254,0.0,FINAL,MATCH,False
253590,네오셈,2022,사업보고서 (2022.12),20230321000343,20230321,https://dart.fss.or.kr/dsaf001/main.do?rcpNo=20230321000343,4CC5173ED83B174568B63D2F8648BCBF7CA9C7BB04D306FECBA25B82CCCC75C9,387630,0,OK,2023-03-21,20230321000343,0.0,FINAL,MATCH,False
253590,네오셈,2023,사업보고서 (2023.12),20240319000520,20240319,https://dart.fss.or.kr/dsaf001/main.do?rcpNo=20240319000520,DDB67C657D9C17A866BF1E744E61EC1EEE293A1854E2DAF2881107CFF1B11F2E,366988,1,OK,2024-03-19,20240319000520,0.0,FINAL,MATCH,False
253590,네오셈,2024,사업보고서 (2024.12),20250318000990,20250318,https://dart.fss.or.kr/dsaf001/main.do?rcpNo=20250318000990,77589484612838029CB6A9F5B3EF321F81E0C75D573276705F4099F608B16221,369702,6,OK,2025-03-18,20250318000990,0.02,FINAL,MATCH,False
253590,네오셈,2025,[첨부추가]사업보고서 (2025.12),20260318000748,20260318,https://dart.fss.or.kr/dsaf001/main.do?rcpNo=20260318000748,1297C9D75E086D14DB67E863B952DC723295F34D48B2D2B54B5795A5DCBD19A0,379810,19,OK,2026-03-18,20260318000748,0.05,FINAL,MATCH,False
281820,케이씨텍,2019,사업보고서 (2019.12),20200330003126,20200330,https://dart.fss.or.kr/dsaf001/main.do?rcpNo=20200330003126,B88529E4DA7A92BBDD41054EEB8D53431C98C48A9254DF5302FF6BBE33C9E5F0,259759,0,OK,2020-03-30,20200330003126,0.0,FINAL,MATCH,False
281820,케이씨텍,2020,사업보고서 (2020.12),20210316001143,20210316,https://dart.fss.or.kr/dsaf001/main.do?rcpNo=20210316001143,21C841E0B657DF79C2AA1B9544C9B50EDC22E41AFBACA1C7E3057D9576A534A1,269593,0,OK,2021-03-16,20210316001143,0.0,FINAL,MATCH,False
281820,케이씨텍,2021,사업보고서 (2021.12),20220321000733,20220321,https://dart.fss.or.kr/dsaf001/main.do?rcpNo=20220321000733,782363BAC4C8E76CE0E3AD7A043A26796B7786005187AFED0941218375229CDC,264066,0,OK,2022-03-21,20220321000733,0.0,FINAL,MATCH,False
281820,케이씨텍,2022,사업보고서 (2022.12),20230321001167,20230321,https://dart.fss.or.kr/dsaf001/main.do?rcpNo=20230321001167,2FBC3A724FF3CDEA4DD87FFDC613CD509CF49E50D2DCA7B176BAD3B90827BFA1,257201,0,OK,2023-03-21,20230321001167,0.0,FINAL,MATCH,False
281820,케이씨텍,2023,사업보고서 (2023.12),20240320001528,20240320,https://dart.fss.or.kr/dsaf001/main.do?rcpNo=20240320001528,E93D5C62CA6178A6BBDEC6EFFC85AD93FF3BE241E8775B204E0F86BD0D417834,246810,0,OK,2024-03-20,20240320001528,0.0,FINAL,MATCH,False
281820,케이씨텍,2024,사업보고서 (2024.12),20250318001445,20250318,https://dart.fss.or.kr/dsaf001/main.do?rcpNo=20250318001445,335769D9515D0B0CA6FB1435E213655D5D6FC16788F32566F8D6162034B2C4D8,263432,0,OK,2025-03-18,20250318001445,0.0,FINAL,MATCH,False
281820,케이씨텍,2025,사업보고서 (2025.12),20260313001174,20260313,https://dart.fss.or.kr/dsaf001/main.do?rcpNo=20260313001174,680EF93C00FE618413ED235CF831E40C432D6ABAB428834761648E37BFBD56B6,425573,0,OK,2026-03-13,20260313001174,0.0,FINAL,MATCH,False
322310,오로스테크놀로지,2020,사업보고서 (2020.12),20210319000866,20210319,https://dart.fss.or.kr/dsaf001/main.do?rcpNo=20210319000866,7E0D0A580728D53EDE41BC0D17D8703107C3A441CD51D73EC7D6D355E13B1D7D,260351,0,OK,2021-03-19,20210319000866,0.0,FINAL,MATCH,False
322310,오로스테크놀로지,2021,사업보고서 (2021.12),20220318000707,20220318,https://dart.fss.or.kr/dsaf001/main.do?rcpNo=20220318000707,DE53743C0756A3E3ADF4FD30E6EE64C6778750FF964F8E41A6C1CB6E57CB261A,384070,0,OK,2022-03-18,20220318000707,0.0,FINAL,MATCH,False
322310,오로스테크놀로지,2022,사업보고서 (2022.12),20230317000628,20230317,https://dart.fss.or.kr/dsaf001/main.do?rcpNo=20230317000628,58E2C8D8A519312692D3F33EBC49B9E0196BB5219E13E1087053F4843FC0A043,372333,0,OK,2023-03-17,20230317000628,0.0,FINAL,MATCH,False
322310,오로스테크놀로지,2023,사업보고서 (2023.12),20240319000213,20240319,https://dart.fss.or.kr/dsaf001/main.do?rcpNo=20240319000213,D471F632423669B47FE2EA29EC1BC83EFF157130E438FD928659C9DD5F74BECE,363525,0,OK,2024-03-19,20240319000213,0.0,FINAL,MATCH,False
322310,오로스테크놀로지,2024,사업보고서 (2024.12),20250312000665,20250312,https://dart.fss.or.kr/dsaf001/main.do?rcpNo=20250312000665,4B3EF145CB922B9226EDB86F26626E7BD39D039417615E8C75A9C36294C556AE,375617,0,OK,2025-03-12,20250312000665,0.02,FINAL,MATCH,True
322310,오로스테크놀로지,2025,[첨부추가]사업보고서 (2025.12),20260313000952,20260313,https://dart.fss.or.kr/dsaf001/main.do?rcpNo=20260313000952,E67D3173CAC973AA20D8B9068748559EFC1DCA82B18EC6C8754517A02BB94674,388213,0,OK,2026-03-13,20260313000952,0.03,FINAL,MATCH,True
348210,넥스틴,2020,사업보고서 (2020.12),20210311000702,20210311,https://dart.fss.or.kr/dsaf001/main.do?rcpNo=20210311000702,3F9614A9620E16CFE3206F31F5FDB983838191233964B6A7F2BBE0C42A38BF6E,494692,0,OK,2021-03-11,20210311000702,0.0,FINAL,MATCH,False
348210,넥스틴,2021,사업보고서 (2021.12),20220321001176,20220321,https://dart.fss.or.kr/dsaf001/main.do?rcpNo=20220321001176,C0700FEDA504C6E926A5F7EF9D37D7DDDF4AE3E2C4765783D4446BCB45192DF1,514337,0,OK,2022-03-21,20220321001176,0.0,FINAL,MATCH,False
348210,넥스틴,2022,사업보고서 (2022.12),20230317000481,20230317,https://dart.fss.or.kr/dsaf001/main.do?rcpNo=20230317000481,6E3224F93648604B5D9CDDF931581283AA8161C71294D95784DBA70C87031250,526560,1,OK,2023-03-17,20230317000481,0.0,FINAL,MATCH,False
348210,넥스틴,2023,사업보고서 (2023.12),20240320001253,20240320,https://dart.fss.or.kr/dsaf001/main.do?rcpNo=20240320001253,6FCD9617DE7214A9E4B50CAD1B083389AD3A00CF1E7311372D4BF055062F3E72,537488,3,OK,2024-03-20,20240320001253,0.02,FINAL,MATCH,False
348210,넥스틴,2024,사업보고서 (2024.12),20250314001000,20250314,https://dart.fss.or.kr/dsaf001/main.do?rcpNo=20250314001000,C944DB82A4FF5C7D1538C4302AC950243BB3592D154743E733BC01CC151EBB42,552492,6,OK,2025-03-14,20250314001000,0.05,FINAL,MATCH,False
348210,넥스틴,2025,사업보고서 (2025.12),20260316001405,20260316,https://dart.fss.or.kr/dsaf001/main.do?rcpNo=20260316001405,7198B9EC0EA8405457B8B6E9A443441B97436C5F7A9E3EFA3BAE4C91AFCA6AB9,616832,47,OK,2026-03-16,20260316001405,0.5,FINAL,MATCH,False
353200,대덕전자,2020,사업보고서 (2020.12),20210317001256,20210317,https://dart.fss.or.kr/dsaf001/main.do?rcpNo=20210317001256,0B1840B371D03FC25FC8412BEE990366E9C7361885A07A30EB98CD5DA10EBAC2,374280,0,OK,2021-03-17,20210317001256,0.0,FINAL,MATCH,False
353200,대덕전자,2021,사업보고서 (2021.12),20220316001352,20220316,https://dart.fss.or.kr/dsaf001/main.do?rcpNo=20220316001352,9A4F504E51C7E94C71BC970C156979A8A835CE7464BC409BAE8D3B5A9A585943,407635,0,OK,2022-03-16,20220316001352,0.0,FINAL,MATCH,False
353200,대덕전자,2022,사업보고서 (2022.12),20230314001258,20230314,https://dart.fss.or.kr/dsaf001/main.do?rcpNo=20230314001258,AFBBB5F759522A4B74D25607A74341E71D93AD21D9019C026670F4089C684827,418565,0,OK,2023-03-14,20230314001258,0.0,FINAL,MATCH,False
353200,대덕전자,2023,사업보고서 (2023.12),20240320001649,20240320,https://dart.fss.or.kr/dsaf001/main.do?rcpNo=20240320001649,B2E22DEA92C14A821231930CBF15259FEF2D5CABB588FA60D747646A7B337A51,428180,0,OK,2024-03-20,20240320001649,0.0,FINAL,MATCH,False
353200,대덕전자,2024,사업보고서 (2024.12),20250319000892,20250319,https://dart.fss.or.kr/dsaf001/main.do?rcpNo=20250319000892,205340C05D83FA7B65EEA561F48DAF62F9DEE80DD6BA9C08453F5A7D3204BD25,467002,1,OK,2025-03-19,20250319000892,0.0,FINAL,MATCH,False
353200,대덕전자,2025,사업보고서 (2025.12),20260318001514,20260318,https://dart.fss.or.kr/dsaf001/main.do?rcpNo=20260318001514,7A8A645A0B75242CD507F02EE546D470CD29136377A48DC7943C71E2A534B11E,480284,0,OK,2026-03-18,20260318001514,0.0,FINAL,MATCH,False
357780,솔브레인,2020,사업보고서 (2020.12),20210319001183,20210319,https://dart.fss.or.kr/dsaf001/main.do?rcpNo=20210319001183,35B735F61150054F482AC4527E37637CD3DB2A0780A22106604B7FF7E7342FF8,383049,0,OK,2021-03-19,20210319001183,0.0,FINAL,MATCH,False
357780,솔브레인,2021,사업보고서 (2021.12),20220321001441,20220321,https://dart.fss.or.kr/dsaf001/main.do?rcpNo=20220321001441,DA0A940485D17C016881056B3D48325CD3C264AF6BFB3D86FBA0ACF1C355E271,463375,0,OK,2022-03-21,20220321001441,0.0,FINAL,MATCH,False
357780,솔브레인,2022,사업보고서 (2022.12),20230321001420,20230321,https://dart.fss.or.kr/dsaf001/main.do?rcpNo=20230321001420,A7096E96DDF75E2AFB6B67CCEFCC9CB226039C84B1C4B0E79375FD010DD919BF,415426,0,OK,2023-03-21,20230321001420,0.0,FINAL,MATCH,False
357780,솔브레인,2023,사업보고서 (2023.12),20240318000832,20240318,https://dart.fss.or.kr/dsaf001/main.do?rcpNo=20240318000832,6F735CE4A5D268A688A8CF42F8BF39CF49F6E9F6E75727AD729EA4E102F24D7F,419431,2,OK,2024-03-18,20240318000832,0.02,FINAL,MATCH,False
357780,솔브레인,2024,사업보고서 (2024.12),20250317000913,20250317,https://dart.fss.or.kr/dsaf001/main.do?rcpNo=20250317000913,FD2F5C6BC19053643F0A7EF4486CA696DE60016BEFD487871564A8334A1CC85A,488255,3,OK,2025-03-17,20250317000913,0.05,FINAL,MATCH,False
357780,솔브레인,2025,사업보고서 (2025.12),20260316001567,20260316,https://dart.fss.or.kr/dsaf001/main.do?rcpNo=20260316001567,C3F38FCFB3A3311010516B92C057545B84D9282812DAA2F212FBA0F7703D4400,525426,3,OK,2026-03-16,20260316001567,0.05,FINAL,MATCH,False
394280,오픈엣지테크놀로지,2022,사업보고서 (2022.12),20230323001052,20230323,https://dart.fss.or.kr/dsaf001/main.do?rcpNo=20230323001052,6AE8C11311211520F9DBC207518E081CCA0846CC818742E2467650A78D2C955E,483307,15,OK,2023-03-23,20230323001052,0.05,FINAL,MATCH,False
394280,오픈엣지테크놀로지,2023,사업보고서 (2023.12),20240321000788,20240321,https://dart.fss.or.kr/dsaf001/main.do?rcpNo=20240321000788,631D77FF294F1B3787CB91FB8F61FB771405B5815D5BCA7F6A1C6ADD3114D3F3,462309,9,OK,2024-03-21,20240321000788,0.08,FINAL,MATCH,False
394280,오픈엣지테크놀로지,2024,사업보고서 (2024.12),20250320000861,20250320,https://dart.fss.or.kr/dsaf001/main.do?rcpNo=20250320000861,9F8E915F3566B32A0522B4CA37CFFA86E7A95ECE748AA657E01BF93CFFDAC636,504265,12,OK,2025-03-20,20250320000861,0.1,FINAL,MATCH,False
394280,오픈엣지테크놀로지,2025,사업보고서 (2025.12),20260319001410,20260319,https://dart.fss.or.kr/dsaf001/main.do?rcpNo=20260319001410,5952CE5C20D435AAC9B63E3D5C285524DCDE51D6555391A3E5289AEB45DC11CE,526898,11,OK,2026-03-19,20260319001410,0.1,FINAL,MATCH,False
403870,HPSP,2022,사업보고서 (2022.12),20230322001198,20230322,https://dart.fss.or.kr/dsaf001/main.do?rcpNo=20230322001198,ABA364A5205954EB1F03E01055507646A699A5F433E39B6DDD84E484844BF271,259722,0,OK,2023-03-22,20230322001198,0.0,FINAL,MATCH,False
403870,HPSP,2023,사업보고서 (2023.12),20240321001060,20240321,https://dart.fss.or.kr/dsaf001/main.do?rcpNo=20240321001060,D51252E56C9ECD58FD54176198D418C067EE6B7B8345AC85C924CEBE900A1FB5,273676,1,OK,2024-03-21,20240321001060,0.0,FINAL,MATCH,False
403870,HPSP,2024,사업보고서 (2024.12),20250320001013,20250320,https://dart.fss.or.kr/dsaf001/main.do?rcpNo=20250320001013,36C16BB9D9BF4B2D1A6C37B3C55DCAE6618D035944F16525310368E752CEF67B,275986,0,OK,2025-03-20,20250320001013,0.0,FINAL,MATCH,False
403870,HPSP,2025,사업보고서 (2025.12),20260319000776,20260319,https://dart.fss.or.kr/dsaf001/main.do?rcpNo=20260319000776,602CC291ACE64BF1BC81FE4947BA8AF49E03201C18AAB0B894BF027C363D9318,318983,0,OK,2026-03-19,20260319000776,0.0,FINAL,MATCH,False
425040,티이엠씨,2022,사업보고서 (2022.12),20230320000928,20230320,https://dart.fss.or.kr/dsaf001/main.do?rcpNo=20230320000928,95274AB4B15F9A0F5B2052E59E98CCDC5F50B1F33535A3EB15C6D0462E8BB1E3,488398,0,OK,2023-03-20,20230320000928,0.0,FINAL,MATCH,False
425040,티이엠씨,2023,사업보고서 (2023.12),20240320001612,20240320,https://dart.fss.or.kr/dsaf001/main.do?rcpNo=20240320001612,DBBB07FBD22635879BB8492D4B030FCCEF7A97C8F1C63CA2724B2430B0586EBD,425576,0,OK,2024-03-20,20240320001612,0.0,FINAL,MATCH,False
425040,티이엠씨,2024,사업보고서 (2024.12),20250318000974,20250318,https://dart.fss.or.kr/dsaf001/main.do?rcpNo=20250318000974,039B319003515C4311979FA5CFD617EC044F3955E743523ED9236B4C9D0ED6A2,448350,0,OK,2025-03-18,20250318000974,0.0,FINAL,MATCH,False
425040,티이엠씨,2025,사업보고서 (2025.12),20260318001356,20260318,https://dart.fss.or.kr/dsaf001/main.do?rcpNo=20260318001356,856340F6AE6CAF4E9F58CA7D4EB8D22FB1EDD9CDA83857624B57777D97C7EDF1,525638,6,OK,2026-03-18,20260318001356,0.0,FINAL,MATCH,False
