ticker,name,fiscal_year
000660,SK하이닉스,2019
000660,SK하이닉스,2020
000660,SK하이닉스,2021
000660,SK하이닉스,2022
000660,SK하이닉스,2023
000660,SK하이닉스,2024
000660,SK하이닉스,2025
003160,디아이,2019
003160,디아이,2020
003160,디아이,2021
003160,디아이,2022
003160,디아이,2023
003160,디아이,2024
003160,디아이,2025
005290,동진쎄미켐,2019
005290,동진쎄미켐,2020
005290,동진쎄미켐,2021
005290,동진쎄미켐,2022
005290,동진쎄미켐,2023
005290,동진쎄미켐,2024
005290,동진쎄미켐,2025
005930,삼성전자,2019
005930,삼성전자,2020
005930,삼성전자,2021
005930,삼성전자,2022
005930,삼성전자,2023
005930,삼성전자,2024
005930,삼성전자,2025
007660,이수페타시스,2019
007660,이수페타시스,2020
007660,이수페타시스,2021
007660,이수페타시스,2022
007660,이수페타시스,2023
007660,이수페타시스,2024
007660,이수페타시스,2025
014680,한솔케미칼,2019
014680,한솔케미칼,2020
014680,한솔케미칼,2021
014680,한솔케미칼,2022
014680,한솔케미칼,2023
014680,한솔케미칼,2024
014680,한솔케미칼,2025
033160,엠케이전자,2019
033160,엠케이전자,2020
033160,엠케이전자,2021
033160,엠케이전자,2022
033160,엠케이전자,2023
033160,엠케이전자,2024
033160,엠케이전자,2025
036540,SFA반도체,2019
036540,SFA반도체,2020
036540,SFA반도체,2021
036540,SFA반도체,2022
036540,SFA반도체,2023
036540,SFA반도체,2024
036540,SFA반도체,2025
036930,주성엔지니어링,2019
036930,주성엔지니어링,2020
036930,주성엔지니어링,2021
036930,주성엔지니어링,2022
036930,주성엔지니어링,2023
036930,주성엔지니어링,2024
036930,주성엔지니어링,2025
039030,이오테크닉스,2019
039030,이오테크닉스,2020
039030,이오테크닉스,2021
039030,이오테크닉스,2022
039030,이오테크닉스,2023
039030,이오테크닉스,2024
039030,이오테크닉스,2025
042700,한미반도체,2019
042700,한미반도체,2020
042700,한미반도체,2021
042700,한미반도체,2022
042700,한미반도체,2023
042700,한미반도체,2024
042700,한미반도체,2025
061970,LB세미콘,2019
061970,LB세미콘,2020
061970,LB세미콘,2021
061970,LB세미콘,2022
061970,LB세미콘,2023
061970,LB세미콘,2024
061970,LB세미콘,2025
064290,인텍플러스,2019
064290,인텍플러스,2020
064290,인텍플러스,2021
064290,인텍플러스,2022
064290,인텍플러스,2023
064290,인텍플러스,2024
064290,인텍플러스,2025
067310,하나마이크론,2019
067310,하나마이크론,2020
067310,하나마이크론,2021
067310,하나마이크론,2022
067310,하나마이크론,2023
067310,하나마이크론,2024
067310,하나마이크론,2025
086390,유니테스트,2019
086390,유니테스트,2020
086390,유니테스트,2021
086390,유니테스트,2022
086390,유니테스트,2023
086390,유니테스트,2024
086390,유니테스트,2025
089030,테크윙,2019
089030,테크윙,2020
089030,테크윙,2021
089030,테크윙,2022
089030,테크윙,2023
089030,테크윙,2024
089030,테크윙,2025
095340,ISC,2019
095340,ISC,2020
095340,ISC,2021
095340,ISC,2022
095340,ISC,2023
095340,ISC,2024
095340,ISC,2025
102710,이엔에프테크놀로지,2019
102710,이엔에프테크놀로지,2020
102710,이엔에프테크놀로지,2021
102710,이엔에프테크놀로지,2022
102710,이엔에프테크놀로지,2023
102710,이엔에프테크놀로지,2024
102710,이엔에프테크놀로지,2025
104830,원익머트리얼즈,2019
104830,원익머트리얼즈,2020
104830,원익머트리얼즈,2021
104830,원익머트리얼즈,2022
104830,원익머트리얼즈,2023
104830,원익머트리얼즈,2024
104830,원익머트리얼즈,2025
112290,와이씨켐,2022
112290,와이씨켐,2023
112290,와이씨켐,2024
112290,와이씨켐,2025
131290,티에스이,2019
131290,티에스이,2020
131290,티에스이,2021
131290,티에스이,2022
131290,티에스이,2023
131290,티에스이,2024
131290,티에스이,2025
166090,하나머티리얼즈,2019
166090,하나머티리얼즈,2020
166090,하나머티리얼즈,2021
166090,하나머티리얼즈,2022
166090,하나머티리얼즈,2023
166090,하나머티리얼즈,2024
166090,하나머티리얼즈,2025
195870,해성디에스,2019
195870,해성디에스,2020
195870,해성디에스,2021
195870,해성디에스,2022
195870,해성디에스,2023
195870,해성디에스,2024
195870,해성디에스,2025
222800,심텍,2019
222800,심텍,2020
222800,심텍,2021
222800,심텍,2022
222800,심텍,2023
222800,심텍,2024
222800,심텍,2025
253590,네오셈,2019
253590,네오셈,2020
253590,네오셈,2021
253590,네오셈,2022
253590,네오셈,2023
253590,네오셈,2024
253590,네오셈,2025
281820,케이씨텍,2019
281820,케이씨텍,2020
281820,케이씨텍,2021
281820,케이씨텍,2022
281820,케이씨텍,2023
281820,케이씨텍,2024
281820,케이씨텍,2025
322310,오로스테크놀로지,2020
322310,오로스테크놀로지,2021
322310,오로스테크놀로지,2022
322310,오로스테크놀로지,2023
322310,오로스테크놀로지,2024
322310,오로스테크놀로지,2025
348210,넥스틴,2020
348210,넥스틴,2021
348210,넥스틴,2022
348210,넥스틴,2023
348210,넥스틴,2024
348210,넥스틴,2025
353200,대덕전자,2020
353200,대덕전자,2021
353200,대덕전자,2022
353200,대덕전자,2023
353200,대덕전자,2024
353200,대덕전자,2025
357780,솔브레인,2020
357780,솔브레인,2021
357780,솔브레인,2022
357780,솔브레인,2023
357780,솔브레인,2024
357780,솔브레인,2025
394280,오픈엣지테크놀로지,2022
394280,오픈엣지테크놀로지,2023
394280,오픈엣지테크놀로지,2024
394280,오픈엣지테크놀로지,2025
403870,HPSP,2022
403870,HPSP,2023
403870,HPSP,2024
403870,HPSP,2025
425040,티이엠씨,2022
425040,티이엠씨,2023
425040,티이엠씨,2024
425040,티이엠씨,2025
